,mature_name,Tau_tcga,tcga_tissues
0,hsa-mir-211-3p,0.9983560744535916,"Skin [0.98], Fallopian tube [0.01], Uterus [0.00]"
1,hsa-mir-367-3p,0.9976049632232701,"Testis [1.00], Stomach [0.00], Liver–Gallbladder [0.00]"
2,hsa-mir-372-5p,0.9936451462752194,"Testis [0.99], Esophagus [0.01], Lung [0.00]"
3,hsa-mir-216b-3p,0.9894861756984584,"Pancreas [0.94], Liver–Gallbladder [0.02], Brain [0.01]"
4,hsa-mir-302d-3p,0.9887331557504174,"Testis [1.00], Stomach [0.00], Liver–Gallbladder [0.00]"
5,hsa-mir-302a-3p,0.9870348855232075,"Testis [1.00], Stomach [0.00], Liver–Gallbladder [0.00]"
6,hsa-mir-208b-5p,0.9853990206068098,"Mucosa [0.75], Brain [0.05], Prostate [0.05]"
7,hsa-mir-373-5p,0.9835753716027793,"Testis [0.99], Esophagus [0.00], Thorax [0.00]"
8,hsa-mir-302a-5p,0.978231007202169,"Testis [1.00], Stomach [0.00], Liver–Gallbladder [0.00]"
9,hsa-mir-302b-3p,0.9748746035474706,"Testis [1.00], Stomach [0.00], Liver–Gallbladder [0.00]"
10,hsa-mir-122-3p,0.9691705003078273,"Liver–Gallbladder [0.97], Kidney [0.01], Testis [0.01]"
11,hsa-mir-2467-5p,0.9543701698671655,"Fallopian tube [0.65], Ovary [0.12], Colon [0.10]"
12,hsa-mir-1911-3p,0.9540728946755413,"Testis [0.52], Brain [0.15], Lung [0.07]"
13,hsa-mir-105-3p,0.9533301792641004,"Testis [0.80], Skin [0.05], Bladder [0.02]"
14,hsa-mir-1286,0.9459033040740885,"Fallopian tube [0.57], Ovary [0.09], Colon [0.08]"
15,hsa-mir-520f-5p,0.9439907857618796,"Testis [0.63], Thymus [0.16], Thorax [0.14]"
16,hsa-mir-888-3p,0.942332154456421,"Thorax [0.44], Thymus [0.35], Kidney [0.10]"
17,hsa-mir-138-2-3p,0.9334473718652402,"Brain [0.48], Kidney [0.10], Adrenal Gland [0.09]"
18,hsa-mir-124-5p,0.9325188889192114,"Brain [0.60], Testis [0.32], Kidney [0.02]"
19,hsa-mir-208b-3p,0.931713530851113,"Mucosa [0.49], Soft Tissues [0.11], Brain [0.10]"
20,hsa-mir-96-3p,0.9291045361053044,"Testis [0.65], Uterus [0.04], Lymph nodes [0.04]"
21,hsa-mir-3617-5p,0.9279757538365919,"Lung [0.50], Pancreas [0.14], Kidney [0.10]"
22,hsa-mir-1264,0.925838109761275,"Brain [0.39], Testis [0.34], Fallopian tube [0.06]"
23,hsa-mir-3126-5p,0.9235214089277735,"Fallopian tube [0.46], Pancreas [0.10], Ovary [0.07]"
24,hsa-mir-1251-3p,0.9230064860999025,"Thyroid [0.56], Ovary [0.20], Testis [0.07]"
25,hsa-mir-519e-5p,0.921961861272114,"Testis [0.63], Thymus [0.16], Thorax [0.13]"
26,hsa-mir-892c-3p,0.9210574206066694,"Thorax [0.51], Thymus [0.36], Kidney [0.05]"
27,hsa-mir-371a-3p,0.9162340830475796,"Testis [0.98], Esophagus [0.01], Thorax [0.00]"
28,hsa-mir-4661-3p,0.9122157121664468,"Fallopian tube [0.36], Ovary [0.12], Testis [0.08]"
29,hsa-mir-219a-2-3p,0.9114032230235535,"Brain [0.97], Testis [0.02], Uterus [0.00]"
30,hsa-mir-215-3p,0.9091407492730464,"Pancreas [0.78], Stomach [0.09], Esophagus [0.06]"
31,hsa-mir-383-3p,0.9087191835176197,"Thymus [0.37], Thorax [0.28], Brain [0.12]"
32,hsa-mir-211-5p,0.9065846652838657,"Skin [0.99], Kidney [0.00], Uterus [0.00]"
33,hsa-mir-513a-3p,0.9049160185230393,"Adrenal Gland [0.44], Skin [0.22], Testis [0.10]"
34,hsa-mir-1912-3p,0.9022793453441253,"Testis [0.48], Brain [0.32], Lung [0.03]"
35,hsa-mir-670-3p,0.8989159281907222,"Adrenal Gland [0.40], Thorax [0.14], Pancreas [0.14]"
36,hsa-mir-208a-3p,0.8981796455285775,"Fallopian tube [0.31], Testis [0.09], Mucosa [0.08]"
37,hsa-mir-4662a-3p,0.8975549915555293,"Kidney [0.30], Mucosa [0.16], Lung [0.16]"
38,hsa-mir-513c-3p,0.8973750850450934,"Adrenal Gland [0.42], Skin [0.18], Fallopian tube [0.15]"
39,hsa-mir-655-5p,0.896445522906454,"Testis [0.38], Adrenal Gland [0.09], Peritoneum [0.08]"
40,hsa-mir-323b-5p,0.8953192592617859,"Adrenal Gland [0.34], Peritoneum [0.15], Testis [0.15]"
41,hsa-mir-128-2-5p,0.8951861259041677,"Thorax [0.35], Thymus [0.33], Bone Marrow [0.18]"
42,hsa-mir-1-5p,0.8927432384221436,"Mucosa [0.34], Prostate [0.14], Soft Tissues [0.11]"
43,hsa-mir-875-3p,0.8917820599143239,"Skin [0.32], Thymus [0.14], Thorax [0.14]"
44,hsa-mir-514b-3p,0.8917708856721848,"Skin [0.44], Adrenal Gland [0.17], Fallopian tube [0.15]"
45,hsa-mir-1298-3p,0.8891328779173261,"Testis [0.51], Brain [0.39], Ovary [0.02]"
46,hsa-mir-1249-5p,0.8879228599991454,"Bone Marrow [0.33], Lymph nodes [0.21], Skin [0.06]"
47,hsa-mir-4731-3p,0.8861664580461729,"Fallopian tube [0.28], Soft Tissues [0.08], Ovary [0.07]"
48,hsa-mir-526b-3p,0.88252384457599,"Testis [0.44], Thymus [0.25], Thorax [0.22]"
49,hsa-mir-3622a-5p,0.8825113997379793,"Fallopian tube [0.39], Ovary [0.20], Peritoneum [0.08]"
50,hsa-mir-599,0.882033740864769,"Skin [0.33], Kidney [0.16], Thorax [0.12]"
51,hsa-mir-670-5p,0.8811538956567375,"Adrenal Gland [0.29], Skin [0.22], Brain [0.12]"
52,hsa-mir-494-5p,0.880921004551968,"Testis [0.46], Adrenal Gland [0.10], Soft Tissues [0.07]"
53,hsa-mir-448,0.8782382471021181,"Testis [0.28], Brain [0.22], Lung [0.16]"
54,hsa-mir-373-3p,0.877365431392089,"Testis [0.98], Esophagus [0.01], Stomach [0.00]"
55,hsa-mir-584-3p,0.873806537360451,"Skin [0.54], Bone Marrow [0.11], Testis [0.08]"
56,hsa-mir-216a-3p,0.8736507627568803,"Pancreas [0.58], Liver–Gallbladder [0.16], Soft Tissues [0.08]"
57,hsa-mir-507,0.8733941545256352,"Adrenal Gland [0.49], Skin [0.23], Testis [0.12]"
58,hsa-mir-1908-5p,0.8715457732186701,"Fallopian tube [0.40], Bone Marrow [0.16], Ovary [0.06]"
59,hsa-mir-490-5p,0.8705124256660851,"Colon [0.34], Testis [0.09], Bladder [0.09]"
60,hsa-mir-187-5p,0.8700963876309563,"Ovary [0.34], Fallopian tube [0.17], Skin [0.13]"
61,hsa-mir-7151-5p,0.8691521918878431,"Lymph nodes [0.29], Brain [0.13], Testis [0.08]"
62,hsa-mir-432-3p,0.8685107156028579,"Adrenal Gland [0.34], Peritoneum [0.16], Testis [0.11]"
63,hsa-mir-605-3p,0.8683274298510283,"Pancreas [0.25], Kidney [0.23], Lung [0.21]"
64,hsa-mir-216b-5p,0.8681439726513319,"Pancreas [0.88], Liver–Gallbladder [0.07], Brain [0.01]"
65,hsa-mir-1914-3p,0.8680125397023645,"Ovary [0.25], Skin [0.13], Uterus [0.08]"
66,hsa-mir-885-3p,0.8677078873791354,"Liver–Gallbladder [0.34], Ovary [0.29], Fallopian tube [0.10]"
67,hsa-mir-488-5p,0.8665262677842097,"Brain [0.48], Adrenal Gland [0.24], Testis [0.06]"
68,hsa-mir-519b-3p,0.8660720858685679,"Testis [0.44], Thymus [0.26], Thorax [0.23]"
69,hsa-mir-875-5p,0.865692667015455,"Thymus [0.27], Thorax [0.22], Kidney [0.16]"
70,hsa-mir-541-5p,0.8644708762426729,"Adrenal Gland [0.39], Testis [0.16], Peritoneum [0.09]"
71,hsa-mir-7-2-3p,0.8644703180786335,"Adrenal Gland [0.45], Thyroid [0.26], Pancreas [0.06]"
72,hsa-mir-205-3p,0.8639511968517236,"Thymus [0.74], Mucosa [0.17], Thorax [0.03]"
73,hsa-mir-934,0.8603852380328857,"Bladder [0.65], Breast [0.07], Lung [0.05]"
74,hsa-mir-124-3p,0.8597678630037414,"Brain [0.91], Testis [0.03], Kidney [0.02]"
75,hsa-mir-521,0.8592840444866977,"Thymus [0.36], Thorax [0.32], Testis [0.18]"
76,hsa-mir-1914-5p,0.8580534284227257,"Ovary [0.31], Skin [0.13], Fallopian tube [0.09]"
77,hsa-mir-3617-3p,0.8578298364550675,"Lung [0.27], Soft Tissues [0.12], Pancreas [0.07]"
78,hsa-mir-3187-5p,0.8538804198392649,"Lymph nodes [0.30], Bone Marrow [0.11], Ovary [0.09]"
79,hsa-mir-892b,0.8529192795460369,"Thorax [0.39], Thymus [0.28], Kidney [0.11]"
80,hsa-mir-498-5p,0.8520831413781278,"Testis [0.54], Thymus [0.19], Thorax [0.16]"
81,hsa-mir-1298-5p,0.8520178128539223,"Testis [0.63], Brain [0.19], Kidney [0.04]"
82,hsa-mir-208a-5p,0.851263338758211,"Testis [0.23], Mucosa [0.21], Thorax [0.18]"
83,hsa-mir-2115-5p,0.8508097913869017,"Fallopian tube [0.28], Bone Marrow [0.22], Breast [0.11]"
84,hsa-mir-520c-3p,0.8472771643943653,"Testis [0.68], Thymus [0.13], Thorax [0.13]"
85,hsa-mir-410-5p,0.8469349005737709,"Testis [0.43], Adrenal Gland [0.16], Peritoneum [0.08]"
86,hsa-mir-517c-3p,0.8468507637457595,"Thymus [0.39], Thorax [0.34], Testis [0.22]"
87,hsa-mir-524-5p,0.8467658224103899,"Thymus [0.33], Thorax [0.31], Testis [0.27]"
88,hsa-mir-2115-3p,0.8449657885089188,"Fallopian tube [0.38], Bone Marrow [0.30], Breast [0.07]"
89,hsa-mir-552-3p,0.8403557965127058,"Colon [0.54], Liver–Gallbladder [0.16], Stomach [0.12]"
90,hsa-mir-519c-3p,0.8396031448234408,"Thymus [0.36], Thorax [0.35], Testis [0.24]"
91,hsa-mir-515-5p,0.8392615723613681,"Testis [0.44], Thymus [0.27], Thorax [0.21]"
92,hsa-mir-488-3p,0.8388592112837839,"Brain [0.41], Adrenal Gland [0.24], Peritoneum [0.05]"
93,hsa-mir-506-5p,0.8374569758215348,"Adrenal Gland [0.22], Fallopian tube [0.20], Kidney [0.19]"
94,hsa-mir-514b-5p,0.8362113264087431,"Skin [0.45], Adrenal Gland [0.28], Testis [0.08]"
95,hsa-mir-889-5p,0.835760699354502,"Adrenal Gland [0.23], Fallopian tube [0.14], Testis [0.10]"
96,hsa-mir-122-5p,0.8342091986022241,"Liver–Gallbladder [0.98], Testis [0.01], Kidney [0.00]"
97,hsa-mir-525-3p,0.8319782965078452,"Thymus [0.35], Thorax [0.34], Testis [0.19]"
98,hsa-mir-1908-3p,0.8307580418045619,"Ovary [0.23], Fallopian tube [0.21], Skin [0.08]"
99,hsa-mir-155-3p,0.8287392852458142,"Lymph nodes [0.63], Bone Marrow [0.13], Thorax [0.05]"
100,hsa-mir-656-5p,0.8284093131276223,"Adrenal Gland [0.23], Testis [0.13], Peritoneum [0.11]"
101,hsa-mir-487b-5p,0.8279076702369021,"Adrenal Gland [0.36], Peritoneum [0.12], Testis [0.10]"
102,hsa-mir-4424,0.8271471820636805,"Bone Marrow [0.20], Lymph nodes [0.16], Soft Tissues [0.12]"
103,hsa-mir-651-3p,0.8250745190468289,"Thymus [0.19], Bone Marrow [0.17], Testis [0.15]"
104,hsa-mir-770-5p,0.8248796856753188,"Adrenal Gland [0.30], Brain [0.15], Peritoneum [0.10]"
105,hsa-mir-515-3p,0.8248034892020967,"Thymus [0.31], Testis [0.30], Thorax [0.29]"
106,hsa-mir-550b-3p,0.8243193816951745,"Bone Marrow [0.20], Bladder [0.10], Colon [0.10]"
107,hsa-mir-1343-5p,0.8223083653463513,"Fallopian tube [0.19], Lymph nodes [0.16], Ovary [0.15]"
108,hsa-mir-2114-3p,0.8214137345920859,"Fallopian tube [0.33], Brain [0.10], Liver–Gallbladder [0.06]"
109,hsa-mir-873-3p,0.8203156479276711,"Fallopian tube [0.37], Skin [0.13], Ovary [0.12]"
110,hsa-mir-1276,0.8179216914617254,"Fallopian tube [0.39], Ovary [0.09], Breast [0.05]"
111,hsa-mir-450a-2-3p,0.8125585024547067,"Kidney [0.31], Pancreas [0.18], Uterus [0.10]"
112,hsa-mir-642a-3p,0.8114413131963412,"Pancreas [0.26], Lung [0.15], Fallopian tube [0.09]"
113,hsa-mir-3619-5p,0.8106828833426375,"Fallopian tube [0.22], Uterus [0.11], Breast [0.08]"
114,hsa-mir-450a-1-3p,0.8090263620129772,"Kidney [0.29], Pancreas [0.08], Peritoneum [0.07]"
115,hsa-mir-520d-3p,0.8065784196306703,"Testis [0.37], Thymus [0.28], Thorax [0.25]"
116,hsa-mir-7151-3p,0.8055104287688732,"Brain [0.19], Lymph nodes [0.14], Fallopian tube [0.09]"
117,hsa-mir-552-5p,0.8034561763587539,"Colon [0.53], Stomach [0.16], Liver–Gallbladder [0.12]"
118,hsa-mir-520a-5p,0.8033653573530639,"Testis [0.45], Thymus [0.26], Thorax [0.25]"
119,hsa-mir-561-3p,0.8026701793559838,"Testis [0.18], Uterus [0.13], Kidney [0.09]"
120,hsa-mir-1197,0.8006008228841103,"Adrenal Gland [0.25], Testis [0.19], Brain [0.10]"
121,hsa-mir-204-3p,0.8004566876087957,"Kidney [0.34], Thorax [0.10], Brain [0.09]"
122,hsa-mir-5579-5p,0.8000857431072445,"Fallopian tube [0.19], Kidney [0.12], Mucosa [0.12]"
123,hsa-mir-653-3p,0.7993944325496232,"Kidney [0.44], Lung [0.11], Pancreas [0.06]"
124,hsa-mir-3138,0.7978133152700461,"Lymph nodes [0.19], Bone Marrow [0.15], Fallopian tube [0.14]"
125,hsa-mir-3663-5p,0.7977975174508712,"Testis [0.17], Peritoneum [0.16], Uterus [0.13]"
126,hsa-mir-519a-3p,0.7942462553789964,"Thymus [0.36], Thorax [0.31], Testis [0.25]"
127,hsa-mir-1301-5p,0.79367565027146,"Ovary [0.26], Uterus [0.07], Skin [0.06]"
128,hsa-mir-197-5p,0.7932148354749162,"Fallopian tube [0.22], Ovary [0.20], Bone Marrow [0.11]"
129,hsa-mir-517-5p,0.792221353852813,"Thymus [0.39], Thorax [0.34], Testis [0.20]"
130,hsa-mir-495-5p,0.7919157154525577,"Adrenal Gland [0.29], Testis [0.21], Peritoneum [0.12]"
131,hsa-mir-5687,0.7911493684496583,"Kidney [0.17], Testis [0.12], Pancreas [0.11]"
132,hsa-mir-489-3p,0.7907871944676752,"Kidney [0.38], Fallopian tube [0.26], Breast [0.05]"
133,hsa-mir-100-3p,0.7902561642301316,"Fallopian tube [0.33], Thorax [0.08], Thymus [0.07]"
134,hsa-mir-3146,0.7890794283470296,"Lymph nodes [0.18], Bone Marrow [0.18], Testis [0.08]"
135,hsa-mir-372-3p,0.7888872124126026,"Testis [0.96], Esophagus [0.02], Thorax [0.01]"
136,hsa-mir-3127-3p,0.7879465752905254,"Ovary [0.25], Skin [0.09], Lymph nodes [0.08]"
137,hsa-mir-3174,0.7860877684719728,"Fallopian tube [0.23], Lung [0.09], Uterus [0.06]"
138,hsa-mir-513b-5p,0.7839273338800029,"Adrenal Gland [0.29], Skin [0.25], Fallopian tube [0.16]"
139,hsa-mir-766-5p,0.783559252432147,"Bone Marrow [0.25], Lymph nodes [0.22], Thorax [0.08]"
140,hsa-mir-1913,0.7831978975308468,"Ovary [0.18], Skin [0.08], Uterus [0.07]"
141,hsa-mir-4664-3p,0.7817800376994595,"Ovary [0.28], Fallopian tube [0.12], Mucosa [0.05]"
142,hsa-mir-3663-3p,0.7792937042993943,"Lung [0.16], Skin [0.15], Uterus [0.12]"
143,hsa-mir-1323,0.7779186900941476,"Testis [0.33], Thymus [0.30], Thorax [0.26]"
144,hsa-mir-1185-2-3p,0.7768274785266683,"Fallopian tube [0.22], Testis [0.14], Adrenal Gland [0.10]"
145,hsa-mir-1911-5p,0.7762464059033833,"Testis [0.41], Brain [0.33], Lung [0.05]"
146,hsa-mir-585-5p,0.7745210141807862,"Thorax [0.25], Thymus [0.17], Fallopian tube [0.09]"
147,hsa-mir-4766-5p,0.7742915017719963,"Lymph nodes [0.18], Thymus [0.11], Bone Marrow [0.11]"
148,hsa-mir-1251-5p,0.7716721957174157,"Thyroid [0.69], Testis [0.08], Fallopian tube [0.04]"
149,hsa-mir-3194-3p,0.7704685591624738,"Lymph nodes [0.20], Bone Marrow [0.09], Thymus [0.08]"
150,hsa-mir-615-5p,0.7649643478996815,"Kidney [0.17], Breast [0.13], Skin [0.13]"
151,hsa-mir-3173-3p,0.7643933019166688,"Bone Marrow [0.16], Lymph nodes [0.11], Testis [0.08]"
152,hsa-mir-506-3p,0.7634422906633423,"Skin [0.50], Adrenal Gland [0.28], Ovary [0.06]"
153,hsa-mir-449a,0.762964803670578,"Uterus [0.43], Fallopian tube [0.32], Ovary [0.16]"
154,hsa-mir-6715a-3p,0.7619740777412841,"Liver–Gallbladder [0.33], Testis [0.21], Uterus [0.12]"
155,hsa-mir-3187-3p,0.7619273748146567,"Ovary [0.27], Fallopian tube [0.09], Lymph nodes [0.08]"
156,hsa-mir-346,0.7612322324209999,"Brain [0.32], Adrenal Gland [0.18], Thyroid [0.08]"
157,hsa-mir-4766-3p,0.7608056066590301,"Lymph nodes [0.25], Bone Marrow [0.11], Thymus [0.08]"
158,hsa-mir-504-3p,0.7607931581237418,"Ovary [0.17], Testis [0.17], Skin [0.10]"
159,hsa-mir-190b-5p,0.7600657986586824,"Breast [0.50], Uterus [0.10], Fallopian tube [0.10]"
160,hsa-mir-152-5p,0.7588374309402409,"Fallopian tube [0.46], Testis [0.05], Ovary [0.05]"
161,hsa-mir-3145-3p,0.7570307353027639,"Lung [0.16], Uterus [0.11], Pancreas [0.10]"
162,hsa-mir-1180-5p,0.7569228949675789,"Ovary [0.17], Fallopian tube [0.12], Kidney [0.10]"
163,hsa-mir-1296-3p,0.7534708376614107,"Testis [0.15], Fallopian tube [0.13], Lymph nodes [0.08]"
164,hsa-mir-137-3p,0.7522799769245547,"Adrenal Gland [0.60], Brain [0.12], Peritoneum [0.11]"
165,hsa-mir-598-5p,0.749944846567859,"Lymph nodes [0.15], Fallopian tube [0.15], Ovary [0.09]"
166,hsa-mir-9-3p,0.7482710839999012,"Brain [0.92], Uterus [0.04], Lung [0.01]"
167,hsa-mir-1910-3p,0.7476567172812993,"Skin [0.15], Bladder [0.14], Bone Marrow [0.14]"
168,hsa-mir-15a-3p,0.7460879883199999,"Bone Marrow [0.20], Thorax [0.12], Lymph nodes [0.11]"
169,hsa-mir-1266-3p,0.7458861480140667,"Colon [0.15], Ovary [0.12], Uterus [0.11]"
170,hsa-mir-512-3p,0.7453246342514293,"Testis [0.56], Thorax [0.18], Thymus [0.18]"
171,hsa-mir-551a,0.7434128483034975,"Bone Marrow [0.30], Ovary [0.13], Fallopian tube [0.10]"
172,hsa-mir-499a-3p,0.742491563191277,"Uterus [0.20], Testis [0.12], Liver–Gallbladder [0.10]"
173,hsa-mir-3619-3p,0.7410004529734259,"Ovary [0.18], Bone Marrow [0.10], Skin [0.07]"
174,hsa-mir-433-5p,0.7403882215760431,"Adrenal Gland [0.20], Pancreas [0.15], Brain [0.11]"
175,hsa-mir-522-3p,0.7396755492948155,"Thymus [0.35], Thorax [0.30], Testis [0.18]"
176,hsa-mir-876-5p,0.7391055972861361,"Testis [0.16], Bone Marrow [0.14], Adrenal Gland [0.10]"
177,hsa-mir-541-3p,0.7388669255943136,"Adrenal Gland [0.41], Peritoneum [0.20], Testis [0.11]"
178,hsa-mir-517b-3p,0.7385288759589353,"Thymus [0.38], Thorax [0.33], Testis [0.21]"
179,hsa-mir-518b,0.7379487771308463,"Thymus [0.34], Thorax [0.32], Testis [0.25]"
180,hsa-mir-337-5p,0.7359588086186656,"Testis [0.20], Fallopian tube [0.17], Peritoneum [0.12]"
181,hsa-mir-182-3p,0.7356291919531713,"Uterus [0.20], Lung [0.15], Kidney [0.11]"
182,hsa-mir-509-3-5p,0.7340115436820862,"Skin [0.34], Adrenal Gland [0.23], Fallopian tube [0.14]"
183,hsa-mir-1910-5p,0.7336227486882915,"Fallopian tube [0.20], Bone Marrow [0.10], Breast [0.10]"
184,hsa-mir-129-1-3p,0.7335011823600867,"Adrenal Gland [0.24], Brain [0.15], Pancreas [0.12]"
185,hsa-mir-328-5p,0.7332976626917648,"Adrenal Gland [0.14], Ovary [0.12], Lymph nodes [0.09]"
186,hsa-mir-2276-3p,0.7327996780400557,"Ovary [0.16], Fallopian tube [0.14], Skin [0.08]"
187,hsa-mir-580-5p,0.728278034229597,"Lymph nodes [0.15], Thymus [0.14], Thorax [0.14]"
188,hsa-mir-508-5p,0.7277743874478367,"Skin [0.43], Ovary [0.22], Adrenal Gland [0.21]"
189,hsa-mir-4731-5p,0.7277076831696668,"Pancreas [0.14], Skin [0.13], Lung [0.13]"
190,hsa-mir-3611,0.7234623761658558,"Thorax [0.14], Bone Marrow [0.13], Thymus [0.11]"
191,hsa-mir-624-3p,0.7207477049934844,"Lung [0.14], Kidney [0.11], Bone Marrow [0.10]"
192,hsa-mir-223-5p,0.7206030902154331,"Bone Marrow [0.79], Lymph nodes [0.04], Lung [0.02]"
193,hsa-mir-135b-3p,0.7193919447985947,"Testis [0.27], Fallopian tube [0.23], Uterus [0.08]"
194,hsa-mir-3145-5p,0.719089426233908,"Lung [0.15], Kidney [0.12], Uterus [0.11]"
195,hsa-mir-5579-3p,0.7181760183883442,"Testis [0.17], Mucosa [0.12], Esophagus [0.08]"
196,hsa-mir-30c-1-3p,0.7135191931021967,"Fallopian tube [0.55], Ovary [0.11], Colon [0.03]"
197,hsa-mir-574-5p,0.7054418168888548,"Fallopian tube [0.12], Uterus [0.12], Pancreas [0.11]"
198,hsa-mir-149-3p,0.7053156629871618,"Ovary [0.20], Thorax [0.15], Thymus [0.12]"
199,hsa-mir-1185-1-3p,0.7043239351843612,"Fallopian tube [0.21], Testis [0.16], Adrenal Gland [0.16]"
200,hsa-mir-3909,0.7037140162357597,"Fallopian tube [0.37], Breast [0.07], Ovary [0.07]"
201,hsa-mir-3194-5p,0.7030754301172634,"Lymph nodes [0.16], Fallopian tube [0.14], Bone Marrow [0.12]"
202,hsa-mir-7854-3p,0.701606268094774,"Bone Marrow [0.16], Ovary [0.13], Lymph nodes [0.07]"
203,hsa-mir-585-3p,0.7010150631707298,"Thorax [0.21], Thymus [0.17], Fallopian tube [0.08]"
204,hsa-mir-345-3p,0.7006861715082389,"Thyroid [0.18], Testis [0.09], Uterus [0.08]"
205,hsa-mir-3944-5p,0.6995315523964482,"Ovary [0.13], Fallopian tube [0.12], Bone Marrow [0.08]"
206,hsa-mir-3942-3p,0.6987942744766413,"Testis [0.13], Bone Marrow [0.12], Thorax [0.08]"
207,hsa-mir-210-5p,0.6980734432213095,"Fallopian tube [0.39], Ovary [0.16], Breast [0.07]"
208,hsa-mir-874-5p,0.693249006266136,"Fallopian tube [0.42], Ovary [0.08], Breast [0.06]"
209,hsa-mir-760,0.6924086066159574,"Ovary [0.40], Skin [0.13], Lymph nodes [0.05]"
210,hsa-mir-2276-5p,0.691982820432456,"Skin [0.13], Ovary [0.11], Liver–Gallbladder [0.07]"
211,hsa-mir-885-5p,0.6884527013066375,"Liver–Gallbladder [0.53], Ovary [0.15], Brain [0.08]"
212,hsa-mir-219b-3p,0.6883854355901806,"Lymph nodes [0.17], Bone Marrow [0.13], Thorax [0.06]"
213,hsa-mir-511-3p,0.6869590152554886,"Lung [0.23], Pancreas [0.11], Mucosa [0.07]"
214,hsa-mir-2114-5p,0.6849987180143177,"Fallopian tube [0.18], Liver–Gallbladder [0.11], Adrenal Gland [0.07]"
215,hsa-mir-125b-1-3p,0.6845345138033617,"Fallopian tube [0.59], Ovary [0.10], Brain [0.04]"
216,hsa-mir-876-3p,0.6830396170636143,"Kidney [0.13], Bone Marrow [0.10], Skin [0.10]"
217,hsa-mir-3942-5p,0.6803667176491932,"Testis [0.16], Bone Marrow [0.12], Thorax [0.09]"
218,hsa-mir-1252-5p,0.6802099170356747,"Kidney [0.12], Uterus [0.09], Brain [0.08]"
219,hsa-mir-376a-3p,0.6784744419475413,"Testis [0.41], Adrenal Gland [0.12], Peritoneum [0.09]"
220,hsa-mir-3140-5p,0.6783188447057286,"Lung [0.12], Bone Marrow [0.09], Mucosa [0.09]"
221,hsa-mir-497-3p,0.6769771053076297,"Thymus [0.18], Thorax [0.16], Soft Tissues [0.09]"
222,hsa-mir-129-2-3p,0.6759820810602224,"Adrenal Gland [0.28], Brain [0.20], Lymph nodes [0.15]"
223,hsa-mir-133b,0.675613225783719,"Mucosa [0.49], Prostate [0.08], Uterus [0.08]"
224,hsa-mir-3136-5p,0.6746800884022747,"Bone Marrow [0.18], Lymph nodes [0.13], Skin [0.07]"
225,hsa-mir-556-3p,0.6728593919596247,"Uterus [0.16], Lung [0.09], Brain [0.08]"
226,hsa-mir-487a-5p,0.6728415722098244,"Adrenal Gland [0.32], Testis [0.12], Peritoneum [0.12]"
227,hsa-mir-219b-5p,0.6718367160858834,"Bone Marrow [0.14], Lymph nodes [0.10], Fallopian tube [0.07]"
228,hsa-mir-154-3p,0.6691453314045929,"Testis [0.48], Adrenal Gland [0.15], Peritoneum [0.08]"
229,hsa-mir-301b-5p,0.6677369068064741,"Testis [0.21], Lymph nodes [0.12], Bone Marrow [0.06]"
230,hsa-mir-4677-5p,0.666686709126783,"Bone Marrow [0.15], Thymus [0.09], Thorax [0.08]"
231,hsa-mir-652-5p,0.6655789040133958,"Bone Marrow [0.23], Lung [0.08], Fallopian tube [0.07]"
232,hsa-mir-887-5p,0.664624368297397,"Fallopian tube [0.23], Skin [0.09], Ovary [0.08]"
233,hsa-mir-3944-3p,0.6644823490417117,"Ovary [0.15], Lymph nodes [0.14], Testis [0.09]"
234,hsa-mir-873-5p,0.6625271597058174,"Fallopian tube [0.20], Skin [0.13], Testis [0.08]"
235,hsa-mir-3140-3p,0.6623721190730292,"Lymph nodes [0.14], Lung [0.09], Bone Marrow [0.09]"
236,hsa-mir-186-3p,0.6621550685285902,"Bone Marrow [0.14], Lymph nodes [0.11], Testis [0.09]"
237,hsa-mir-376a-5p,0.6611922493083887,"Adrenal Gland [0.30], Testis [0.17], Peritoneum [0.13]"
238,hsa-mir-299-3p,0.6604456030256981,"Testis [0.30], Peritoneum [0.10], Soft Tissues [0.08]"
239,hsa-mir-580-3p,0.6579879809572317,"Thorax [0.16], Thymus [0.15], Lymph nodes [0.13]"
240,hsa-mir-4637,0.6569764188423838,"Pancreas [0.11], Lung [0.10], Lymph nodes [0.09]"
241,hsa-mir-4524a-3p,0.649392903148624,"Liver–Gallbladder [0.13], Fallopian tube [0.12], Pancreas [0.11]"
242,hsa-mir-1343-3p,0.6483366548789703,"Ovary [0.24], Fallopian tube [0.09], Skin [0.07]"
243,hsa-mir-1252-3p,0.6472246011931648,"Bladder [0.11], Adrenal Gland [0.10], Bone Marrow [0.09]"
244,hsa-mir-579-3p,0.6463102927037094,"Lung [0.12], Bone Marrow [0.11], Uterus [0.10]"
245,hsa-mir-2116-5p,0.6462917510118501,"Fallopian tube [0.12], Lymph nodes [0.11], Pancreas [0.09]"
246,hsa-mir-487a-3p,0.6442892393438558,"Testis [0.23], Adrenal Gland [0.22], Peritoneum [0.10]"
247,hsa-mir-301b-3p,0.6438841625615691,"Fallopian tube [0.34], Bone Marrow [0.08], Testis [0.07]"
248,hsa-mir-944,0.643134182029369,"Mucosa [0.29], Esophagus [0.21], Bladder [0.13]"
249,hsa-mir-377-3p,0.6361926632256045,"Testis [0.23], Adrenal Gland [0.21], Peritoneum [0.11]"
250,hsa-mir-1294,0.6319069159067707,"Fallopian tube [0.13], Bone Marrow [0.13], Lymph nodes [0.11]"
251,hsa-mir-496,0.6305401340630125,"Adrenal Gland [0.30], Testis [0.21], Peritoneum [0.18]"
252,hsa-mir-23b-5p,0.6278227044463318,"Pancreas [0.19], Lung [0.16], Kidney [0.14]"
253,hsa-mir-134-3p,0.6276596195171539,"Adrenal Gland [0.20], Peritoneum [0.17], Testis [0.10]"
254,hsa-mir-486-3p,0.6274092008658183,"Bone Marrow [0.22], Fallopian tube [0.14], Lymph nodes [0.10]"
255,hsa-mir-3690,0.6263802116966048,"Bone Marrow [0.19], Skin [0.11], Fallopian tube [0.08]"
256,hsa-mir-3934-3p,0.6249563610990156,"Lymph nodes [0.21], Thyroid [0.09], Skin [0.07]"
257,hsa-mir-3173-5p,0.623923000130156,"Bone Marrow [0.19], Lymph nodes [0.09], Ovary [0.08]"
258,hsa-mir-153-3p,0.6239134302396715,"Brain [0.27], Adrenal Gland [0.23], Peritoneum [0.08]"
259,hsa-mir-615-3p,0.6220596413888762,"Kidney [0.42], Breast [0.12], Fallopian tube [0.10]"
260,hsa-mir-206,0.621434582403344,"Mucosa [0.42], Soft Tissues [0.19], Uterus [0.15]"
261,hsa-mir-383-5p,0.6201983669666993,"Thymus [0.29], Thorax [0.21], Brain [0.17]"
262,hsa-mir-490-3p,0.6201351926958689,"Testis [0.18], Stomach [0.14], Bladder [0.12]"
263,hsa-mir-589-3p,0.617699307925737,"Lymph nodes [0.34], Bone Marrow [0.14], Skin [0.05]"
264,hsa-mir-194-3p,0.6112803818246767,"Colon [0.34], Stomach [0.18], Liver–Gallbladder [0.15]"
265,hsa-mir-212-5p,0.6101900556960641,"Pancreas [0.19], Fallopian tube [0.18], Kidney [0.09]"
266,hsa-mir-4664-5p,0.6091400690495796,"Ovary [0.11], Bladder [0.09], Uterus [0.08]"
267,hsa-mir-514a-3p,0.6083735527090263,"Adrenal Gland [0.43], Skin [0.39], Testis [0.12]"
268,hsa-mir-433-3p,0.6071580033433966,"Adrenal Gland [0.37], Peritoneum [0.17], Thorax [0.11]"
269,hsa-mir-192-3p,0.6071529888117546,"Colon [0.26], Stomach [0.22], Liver–Gallbladder [0.20]"
270,hsa-mir-95-5p,0.6070319665487592,"Thymus [0.10], Thorax [0.09], Mucosa [0.08]"
271,hsa-mir-34b-3p,0.6061656092276082,"Lung [0.26], Uterus [0.14], Thymus [0.11]"
272,hsa-mir-130a-5p,0.605772687291088,"Testis [0.19], Fallopian tube [0.15], Bone Marrow [0.09]"
273,hsa-mir-412-5p,0.6046028687972607,"Adrenal Gland [0.50], Peritoneum [0.16], Testis [0.09]"
274,hsa-mir-676-5p,0.6037778746530377,"Thorax [0.12], Thymus [0.11], Ovary [0.11]"
275,hsa-mir-624-5p,0.6005664419713753,"Bone Marrow [0.22], Lymph nodes [0.09], Testis [0.07]"
276,hsa-mir-3144-3p,0.6004805345651607,"Fallopian tube [0.11], Kidney [0.11], Mucosa [0.09]"
277,hsa-mir-935,0.6002002180707439,"Ovary [0.33], Brain [0.22], Testis [0.07]"
278,hsa-mir-605-5p,0.5973131066835452,"Ovary [0.12], Fallopian tube [0.12], Colon [0.07]"
279,hsa-mir-370-5p,0.5969705745406994,"Adrenal Gland [0.32], Testis [0.19], Peritoneum [0.15]"
280,hsa-mir-105-5p,0.5957510362707096,"Testis [0.59], Skin [0.19], Bladder [0.04]"
281,hsa-mir-150-3p,0.5954467240623323,"Bone Marrow [0.24], Thymus [0.15], Thorax [0.15]"
282,hsa-mir-671-3p,0.5928419111022457,"Fallopian tube [0.43], Ovary [0.17], Breast [0.06]"
283,hsa-mir-656-3p,0.5870233716930034,"Adrenal Gland [0.17], Pancreas [0.15], Testis [0.13]"
284,hsa-mir-556-5p,0.5855862217573198,"Colon [0.11], Fallopian tube [0.10], Liver–Gallbladder [0.10]"
285,hsa-mir-365a-5p,0.580469300371265,"Lymph nodes [0.17], Ovary [0.13], Thorax [0.07]"
286,hsa-mir-135a-5p,0.5771945917265652,"Thyroid [0.43], Kidney [0.15], Fallopian tube [0.09]"
287,hsa-mir-655-3p,0.5694462346435184,"Testis [0.27], Adrenal Gland [0.18], Peritoneum [0.10]"
288,hsa-mir-296-3p,0.5673555467822055,"Fallopian tube [0.19], Testis [0.16], Lymph nodes [0.15]"
289,hsa-mir-551b-3p,0.5670967094022558,"Thyroid [0.24], Brain [0.10], Testis [0.09]"
290,hsa-mir-1-3p,0.5649646945061434,"Mucosa [0.76], Uterus [0.04], Pancreas [0.03]"
291,hsa-mir-421,0.5644837764062529,"Fallopian tube [0.43], Kidney [0.06], Colon [0.05]"
292,hsa-mir-329-3p,0.5637242819257998,"Adrenal Gland [0.19], Brain [0.15], Pancreas [0.11]"
293,hsa-mir-3934-5p,0.5632574220857707,"Lymph nodes [0.16], Thymus [0.08], Fallopian tube [0.07]"
294,hsa-mir-654-5p,0.5627655747260126,"Testis [0.21], Adrenal Gland [0.18], Peritoneum [0.12]"
295,hsa-mir-1278,0.5620433359871941,"Lung [0.09], Bone Marrow [0.09], Kidney [0.09]"
296,hsa-mir-579-5p,0.5588196634569613,"Bone Marrow [0.12], Lymph nodes [0.12], Thorax [0.10]"
297,hsa-mir-18a-3p,0.5584781171298725,"Fallopian tube [0.22], Lymph nodes [0.17], Bone Marrow [0.13]"
298,hsa-mir-431-5p,0.5541251625969216,"Adrenal Gland [0.29], Testis [0.17], Peritoneum [0.11]"
299,hsa-mir-483-5p,0.5533687315469002,"Adrenal Gland [0.32], Ovary [0.15], Fallopian tube [0.14]"
300,hsa-mir-561-5p,0.5504506296409569,"Testis [0.12], Kidney [0.08], Uterus [0.06]"
301,hsa-mir-504-5p,0.5501482398056697,"Fallopian tube [0.20], Kidney [0.15], Ovary [0.09]"
302,hsa-mir-26a-1-3p,0.5497122132716148,"Colon [0.15], Breast [0.10], Testis [0.10]"
303,hsa-mir-7-5p,0.5487754562606758,"Pancreas [0.51], Adrenal Gland [0.15], Brain [0.05]"
304,hsa-mir-19b-1-5p,0.5484362708271834,"Lymph nodes [0.35], Bone Marrow [0.15], Testis [0.09]"
305,hsa-mir-221-5p,0.5469309283076521,"Fallopian tube [0.29], Lung [0.12], Pancreas [0.11]"
306,hsa-mir-5586-3p,0.5462631006784313,"Pancreas [0.09], Lung [0.08], Brain [0.08]"
307,hsa-mir-1266-5p,0.5457493219317157,"Ovary [0.29], Bone Marrow [0.07], Uterus [0.07]"
308,hsa-mir-299-5p,0.5447225618085618,"Testis [0.29], Adrenal Gland [0.11], Peritoneum [0.10]"
309,hsa-mir-508-3p,0.5406233569308541,"Skin [0.49], Adrenal Gland [0.33], Testis [0.08]"
310,hsa-mir-191-3p,0.5385127952864966,"Fallopian tube [0.21], Bone Marrow [0.17], Ovary [0.11]"
311,hsa-mir-296-5p,0.5380506737827601,"Ovary [0.35], Fallopian tube [0.13], Testis [0.06]"
312,hsa-mir-503-3p,0.5332876705531103,"Ovary [0.14], Skin [0.10], Testis [0.09]"
313,hsa-mir-125a-3p,0.5318969031382718,"Fallopian tube [0.31], Ovary [0.16], Testis [0.05]"
314,hsa-mir-491-3p,0.5280698858809724,"Bone Marrow [0.12], Thorax [0.07], Brain [0.07]"
315,hsa-mir-129-5p,0.5276364181000213,"Adrenal Gland [0.37], Brain [0.15], Lymph nodes [0.14]"
316,hsa-mir-676-3p,0.5267617224727478,"Thorax [0.13], Thymus [0.13], Adrenal Gland [0.12]"
317,hsa-mir-431-3p,0.5210034312566884,"Adrenal Gland [0.38], Peritoneum [0.16], Testis [0.15]"
318,hsa-mir-377-5p,0.5203387885836591,"Testis [0.20], Fallopian tube [0.14], Adrenal Gland [0.10]"
319,hsa-mir-5581-3p,0.5201977464708055,"Bone Marrow [0.10], Fallopian tube [0.09], Ovary [0.08]"
320,hsa-mir-154-5p,0.5190941938770818,"Adrenal Gland [0.26], Testis [0.14], Peritoneum [0.12]"
321,hsa-mir-2116-3p,0.5177028658721964,"Fallopian tube [0.11], Lymph nodes [0.10], Ovary [0.10]"
322,hsa-mir-577,0.5174176735681272,"Lymph nodes [0.25], Colon [0.22], Brain [0.07]"
323,hsa-mir-592,0.5170414779101663,"Adrenal Gland [0.22], Colon [0.17], Kidney [0.09]"
324,hsa-mir-543,0.5160972427461455,"Pancreas [0.17], Testis [0.14], Brain [0.13]"
325,hsa-mir-217-5p,0.5158186601383568,"Pancreas [0.44], Liver–Gallbladder [0.30], Soft Tissues [0.08]"
326,hsa-mir-485-3p,0.5153620743955885,"Adrenal Gland [0.28], Testis [0.21], Peritoneum [0.13]"
327,hsa-mir-758-3p,0.5145848547769455,"Testis [0.39], Adrenal Gland [0.14], Peritoneum [0.11]"
328,hsa-mir-31-5p,0.511677790449898,"Fallopian tube [0.44], Mucosa [0.13], Pancreas [0.10]"
329,hsa-mir-34c-3p,0.5111723401333156,"Thymus [0.21], Thorax [0.17], Ovary [0.12]"
330,hsa-mir-409-5p,0.5074458738146804,"Adrenal Gland [0.37], Peritoneum [0.12], Testis [0.09]"
331,hsa-mir-1270,0.5073241252293148,"Ovary [0.18], Lymph nodes [0.12], Kidney [0.11]"
332,hsa-mir-23a-5p,0.5070169245920222,"Bone Marrow [0.19], Fallopian tube [0.13], Lung [0.09]"
333,hsa-mir-493-3p,0.5067564113612525,"Testis [0.31], Pancreas [0.10], Peritoneum [0.09]"
334,hsa-mir-345-5p,0.5053376056713001,"Fallopian tube [0.54], Ovary [0.08], Breast [0.05]"
335,hsa-mir-616-3p,0.5047867229197845,"Skin [0.12], Bone Marrow [0.12], Lymph nodes [0.10]"
336,hsa-mir-338-5p,0.5045775446780308,"Brain [0.28], Lung [0.13], Skin [0.11]"
337,hsa-mir-432-5p,0.5007973167858073,"Adrenal Gland [0.34], Testis [0.18], Peritoneum [0.15]"
338,hsa-mir-214-3p,0.5006996010130523,"Pancreas [0.26], Fallopian tube [0.26], Lung [0.08]"
339,hsa-mir-95-3p,0.4999901695503081,"Pancreas [0.23], Mucosa [0.20], Kidney [0.14]"
340,hsa-mir-483-3p,0.4993696496324955,"Ovary [0.27], Adrenal Gland [0.19], Liver–Gallbladder [0.11]"
341,hsa-mir-4661-5p,0.4984566887706499,"Testis [0.21], Ovary [0.11], Bone Marrow [0.08]"
342,hsa-mir-376c-3p,0.49727298922278435,"Testis [0.29], Adrenal Gland [0.10], Peritoneum [0.08]"
343,hsa-mir-138-5p,0.49705392233533946,"Thyroid [0.18], Brain [0.16], Lymph nodes [0.14]"
344,hsa-mir-1271-5p,0.4904048901720575,"Kidney [0.22], Pancreas [0.11], Brain [0.10]"
345,hsa-mir-889-3p,0.48932732706936716,"Adrenal Gland [0.35], Testis [0.18], Peritoneum [0.14]"
346,hsa-mir-30d-3p,0.48856661540235113,"Fallopian tube [0.27], Lymph nodes [0.07], Skin [0.06]"
347,hsa-mir-184,0.4869057360379398,"Testis [0.28], Thorax [0.14], Thymus [0.13]"
348,hsa-mir-3127-5p,0.48555398327388016,"Ovary [0.21], Bone Marrow [0.10], Skin [0.09]"
349,hsa-mir-370-3p,0.48358216722721314,"Testis [0.27], Adrenal Gland [0.22], Peritoneum [0.10]"
350,hsa-mir-185-3p,0.4827166068751203,"Lymph nodes [0.22], Skin [0.14], Bone Marrow [0.09]"
351,hsa-mir-629-3p,0.4818295305175861,"Testis [0.18], Lymph nodes [0.16], Thorax [0.09]"
352,hsa-mir-3126-3p,0.48008704287373766,"Pancreas [0.08], Fallopian tube [0.07], Ovary [0.07]"
353,hsa-mir-503-5p,0.4798924372058568,"Adrenal Gland [0.35], Kidney [0.12], Soft Tissues [0.06]"
354,hsa-mir-92a-1-5p,0.47920929783737437,"Lymph nodes [0.20], Testis [0.16], Bone Marrow [0.14]"
355,hsa-mir-181b-3p,0.47742294813492575,"Bone Marrow [0.24], Thorax [0.17], Thymus [0.14]"
356,hsa-mir-144-3p,0.47538750778534067,"Bone Marrow [0.26], Kidney [0.08], Testis [0.07]"
357,hsa-mir-542-5p,0.47418890218383636,"Thyroid [0.15], Testis [0.08], Bone Marrow [0.08]"
358,hsa-mir-31-3p,0.47258518182847326,"Mucosa [0.16], Bladder [0.15], Thyroid [0.11]"
359,hsa-mir-204-5p,0.47109090000673887,"Kidney [0.39], Fallopian tube [0.15], Thorax [0.10]"
360,hsa-mir-326,0.4683343833355263,"Ovary [0.17], Skin [0.12], Bone Marrow [0.09]"
361,hsa-mir-887-3p,0.4681810164007077,"Fallopian tube [0.23], Skin [0.10], Adrenal Gland [0.08]"
362,hsa-mir-671-5p,0.46750484548468735,"Lymph nodes [0.24], Bone Marrow [0.07], Skin [0.07]"
363,hsa-mir-1247-3p,0.46663185248026556,"Colon [0.31], Testis [0.11], Ovary [0.06]"
364,hsa-mir-136-5p,0.4664131680002592,"Adrenal Gland [0.32], Testis [0.14], Peritoneum [0.11]"
365,hsa-mir-410-3p,0.4649506975426394,"Adrenal Gland [0.30], Testis [0.19], Peritoneum [0.14]"
366,hsa-mir-766-3p,0.4631573350872724,"Bone Marrow [0.27], Lymph nodes [0.12], Thymus [0.11]"
367,hsa-mir-136-3p,0.46253027117087253,"Adrenal Gland [0.27], Peritoneum [0.12], Testis [0.11]"
368,hsa-mir-487b-3p,0.46167582489950926,"Adrenal Gland [0.26], Pancreas [0.16], Peritoneum [0.09]"
369,hsa-mir-187-3p,0.46065304368315596,"Skin [0.18], Bladder [0.16], Fallopian tube [0.15]"
370,hsa-mir-1269a,0.45525482218166347,"Ovary [0.40], Thorax [0.14], Thymus [0.12]"
371,hsa-mir-34c-5p,0.4527691993999667,"Lung [0.20], Fallopian tube [0.16], Uterus [0.14]"
372,hsa-mir-32-3p,0.452766923031793,"Bone Marrow [0.11], Fallopian tube [0.11], Kidney [0.11]"
373,hsa-mir-495-3p,0.4517937385101527,"Testis [0.22], Adrenal Gland [0.22], Peritoneum [0.09]"
374,hsa-mir-1296-5p,0.4517596619328183,"Fallopian tube [0.25], Ovary [0.16], Brain [0.09]"
375,hsa-mir-411-5p,0.4514172542579417,"Fallopian tube [0.26], Testis [0.12], Adrenal Gland [0.09]"
376,hsa-mir-153-5p,0.45080933295191544,"Brain [0.23], Adrenal Gland [0.20], Peritoneum [0.09]"
377,hsa-mir-362-3p,0.4487448465134833,"Kidney [0.14], Uterus [0.10], Lung [0.08]"
378,hsa-mir-651-5p,0.4480414289027565,"Testis [0.15], Bone Marrow [0.09], Thorax [0.08]"
379,hsa-mir-224-3p,0.4474612211997871,"Lung [0.12], Mucosa [0.10], Fallopian tube [0.10]"
380,hsa-mir-769-3p,0.44646401068742053,"Lymph nodes [0.13], Fallopian tube [0.11], Ovary [0.09]"
381,hsa-mir-653-5p,0.44623530609598605,"Kidney [0.18], Thymus [0.13], Thorax [0.12]"
382,hsa-mir-128-1-5p,0.4412337010491348,"Lymph nodes [0.18], Ovary [0.15], Bone Marrow [0.09]"
383,hsa-mir-584-5p,0.4400318701344008,"Skin [0.43], Bone Marrow [0.15], Bladder [0.08]"
384,hsa-mir-369-3p,0.437833030347051,"Adrenal Gland [0.20], Testis [0.15], Pancreas [0.12]"
385,hsa-mir-188-5p,0.4377116423890893,"Fallopian tube [0.14], Skin [0.09], Colon [0.07]"
386,hsa-mir-132-5p,0.434538835355786,"Pancreas [0.15], Fallopian tube [0.11], Brain [0.09]"
387,hsa-mir-193b-5p,0.4331030567786041,"Ovary [0.17], Lymph nodes [0.14], Thorax [0.09]"
388,hsa-mir-106a-5p,0.43283384554856613,"Bone Marrow [0.29], Thymus [0.14], Thorax [0.13]"
389,hsa-mir-223-3p,0.431331473371014,"Bone Marrow [0.73], Lung [0.04], Pancreas [0.03]"
390,hsa-let-7e-3p,0.4308020892796726,"Ovary [0.25], Fallopian tube [0.09], Thyroid [0.07]"
391,hsa-mir-139-3p,0.4292250758157243,"Adrenal Gland [0.24], Lymph nodes [0.12], Brain [0.11]"
392,hsa-mir-92b-3p,0.428427355909927,"Fallopian tube [0.51], Ovary [0.17], Brain [0.08]"
393,hsa-mir-181c-5p,0.4276591389092066,"Fallopian tube [0.50], Ovary [0.08], Bone Marrow [0.05]"
394,hsa-mir-642a-5p,0.42714361258254474,"Bone Marrow [0.12], Pancreas [0.10], Lymph nodes [0.08]"
395,hsa-mir-200c-5p,0.42530501121617137,"Testis [0.12], Colon [0.10], Mucosa [0.09]"
396,hsa-mir-1249-3p,0.4234886445296501,"Brain [0.12], Bone Marrow [0.09], Pancreas [0.07]"
397,hsa-mir-200b-5p,0.42232865488136745,"Uterus [0.14], Ovary [0.13], Pancreas [0.11]"
398,hsa-mir-381-3p,0.41996598260541695,"Testis [0.39], Adrenal Gland [0.12], Peritoneum [0.09]"
399,hsa-mir-5586-5p,0.4190803065372691,"Testis [0.11], Bone Marrow [0.11], Lymph nodes [0.07]"
400,hsa-mir-330-3p,0.4190260161216957,"Brain [0.15], Pancreas [0.12], Lung [0.10]"
401,hsa-mir-590-3p,0.418492412012252,"Bone Marrow [0.15], Kidney [0.09], Lung [0.09]"
402,hsa-mir-363-3p,0.4182841284717775,"Fallopian tube [0.32], Thymus [0.08], Thorax [0.08]"
403,hsa-mir-2355-3p,0.41621055160919435,"Bone Marrow [0.14], Lung [0.09], Pancreas [0.08]"
404,hsa-mir-10b-3p,0.4160001022267364,"Kidney [0.20], Adrenal Gland [0.10], Fallopian tube [0.10]"
405,hsa-mir-135b-5p,0.41598351574646647,"Uterus [0.19], Pancreas [0.16], Lung [0.11]"
406,hsa-mir-146b-3p,0.41578914199410283,"Thyroid [0.49], Ovary [0.13], Fallopian tube [0.07]"
407,hsa-mir-337-3p,0.4155898184360649,"Testis [0.25], Peritoneum [0.17], Adrenal Gland [0.16]"
408,hsa-mir-9-5p,0.4151551057673893,"Brain [0.83], Uterus [0.03], Adrenal Gland [0.02]"
409,hsa-mir-425-3p,0.41507720660370095,"Bone Marrow [0.21], Fallopian tube [0.20], Ovary [0.07]"
410,hsa-mir-769-5p,0.4107069578080869,"Fallopian tube [0.35], Lymph nodes [0.09], Ovary [0.06]"
411,hsa-mir-20b-5p,0.40919959975051645,"Thymus [0.23], Thorax [0.21], Bone Marrow [0.16]"
412,hsa-mir-193a-3p,0.40892535694135773,"Fallopian tube [0.17], Breast [0.09], Liver–Gallbladder [0.06]"
413,hsa-mir-130a-3p,0.4080554250357646,"Fallopian tube [0.50], Ovary [0.07], Testis [0.05]"
414,hsa-mir-616-5p,0.4064951694043734,"Lymph nodes [0.12], Skin [0.09], Bone Marrow [0.09]"
415,hsa-mir-29b-1-5p,0.4053000341882946,"Lymph nodes [0.17], Skin [0.09], Lung [0.07]"
416,hsa-mir-27a-5p,0.40429943259274487,"Bone Marrow [0.21], Mucosa [0.11], Lung [0.09]"
417,hsa-mir-452-3p,0.4038396747936661,"Lung [0.11], Mucosa [0.11], Bladder [0.07]"
418,hsa-mir-1247-5p,0.40345658898980297,"Colon [0.16], Testis [0.15], Pancreas [0.14]"
419,hsa-mir-30b-3p,0.401576190397502,"Fallopian tube [0.13], Skin [0.11], Bone Marrow [0.08]"
420,hsa-mir-19a-3p,0.40017077983720073,"Lymph nodes [0.25], Bone Marrow [0.23], Thymus [0.09]"
421,hsa-mir-339-3p,0.39820501560156635,"Fallopian tube [0.23], Ovary [0.06], Lung [0.06]"
422,hsa-mir-5683,0.39757978052651205,"Thorax [0.11], Breast [0.09], Adrenal Gland [0.08]"
423,hsa-mir-188-3p,0.39752041772631147,"Thorax [0.09], Peritoneum [0.08], Thymus [0.06]"
424,hsa-mir-340-3p,0.3960543217661814,"Bone Marrow [0.18], Lung [0.10], Kidney [0.10]"
425,hsa-mir-582-5p,0.39461112111562574,"Bone Marrow [0.23], Thorax [0.06], Fallopian tube [0.05]"
426,hsa-mir-335-5p,0.391673363911504,"Kidney [0.20], Lung [0.12], Pancreas [0.11]"
427,hsa-mir-342-5p,0.3904369927940691,"Bone Marrow [0.17], Lymph nodes [0.10], Breast [0.10]"
428,hsa-let-7a-2-3p,0.3898081112928158,"Thorax [0.13], Thymus [0.11], Skin [0.10]"
429,hsa-mir-450a-5p,0.38856815370330705,"Kidney [0.19], Pancreas [0.09], Lung [0.06]"
430,hsa-mir-196a-5p,0.3865631367121563,"Kidney [0.23], Breast [0.19], Soft Tissues [0.07]"
431,hsa-mir-493-5p,0.38625101476923523,"Pancreas [0.17], Testis [0.17], Fallopian tube [0.10]"
432,hsa-mir-628-3p,0.3861741803839082,"Pancreas [0.10], Lung [0.10], Brain [0.07]"
433,hsa-mir-382-5p,0.38203897306098544,"Adrenal Gland [0.21], Testis [0.20], Peritoneum [0.11]"
434,hsa-mir-148a-5p,0.38172843179404486,"Fallopian tube [0.29], Colon [0.07], Testis [0.06]"
435,hsa-mir-127-5p,0.37967688309786335,"Adrenal Gland [0.35], Testis [0.15], Peritoneum [0.13]"
436,hsa-mir-4677-3p,0.3778448293907138,"Bone Marrow [0.14], Thymus [0.10], Thorax [0.09]"
437,hsa-mir-409-3p,0.3760482716411868,"Fallopian tube [0.24], Adrenal Gland [0.15], Testis [0.11]"
438,hsa-mir-550a-5p,0.3729551085190039,"Ovary [0.11], Fallopian tube [0.11], Bone Marrow [0.10]"
439,hsa-mir-455-5p,0.37151720108818215,"Thorax [0.21], Thymus [0.19], Liver–Gallbladder [0.07]"
440,hsa-mir-144-5p,0.3711388872340518,"Bone Marrow [0.37], Testis [0.06], Adrenal Gland [0.06]"
441,hsa-mir-7-1-3p,0.37003629328519333,"Bone Marrow [0.20], Lymph nodes [0.16], Testis [0.08]"
442,hsa-mir-301a-3p,0.3694758421809186,"Fallopian tube [0.17], Bone Marrow [0.10], Lymph nodes [0.07]"
443,hsa-mir-374b-3p,0.369385849546378,"Fallopian tube [0.10], Bone Marrow [0.09], Testis [0.08]"
444,hsa-mir-101-5p,0.36573207493706206,"Thymus [0.12], Thorax [0.12], Bone Marrow [0.10]"
445,hsa-mir-96-5p,0.36482157160044704,"Testis [0.19], Thymus [0.11], Thorax [0.10]"
446,hsa-mir-362-5p,0.36455281793885,"Skin [0.18], Kidney [0.16], Uterus [0.11]"
447,hsa-mir-141-5p,0.36436757331658876,"Testis [0.20], Bladder [0.08], Thyroid [0.07]"
448,hsa-mir-214-5p,0.3635945849695432,"Soft Tissues [0.16], Fallopian tube [0.15], Peritoneum [0.11]"
449,hsa-mir-429,0.3625980046382491,"Uterus [0.17], Pancreas [0.11], Fallopian tube [0.09]"
450,hsa-mir-590-5p,0.3623903200321896,"Bone Marrow [0.13], Thymus [0.10], Thorax [0.10]"
451,hsa-mir-145-3p,0.3607835982503531,"Pancreas [0.20], Lung [0.16], Uterus [0.15]"
452,hsa-mir-98-5p,0.357798734034306,"Fallopian tube [0.35], Lung [0.09], Pancreas [0.08]"
453,hsa-mir-205-5p,0.35522035377729494,"Thymus [0.19], Mucosa [0.19], Thorax [0.18]"
454,hsa-mir-181a-3p,0.3534201646152008,"Bone Marrow [0.30], Thorax [0.20], Thymus [0.20]"
455,hsa-mir-34a-3p,0.35033215682138735,"Fallopian tube [0.07], Lung [0.06], Uterus [0.06]"
456,hsa-mir-301a-5p,0.34841875742421474,"Testis [0.10], Bone Marrow [0.09], Lymph nodes [0.08]"
457,hsa-mir-192-5p,0.34783517215507875,"Colon [0.39], Liver–Gallbladder [0.19], Stomach [0.16]"
458,hsa-mir-532-3p,0.3475236236158307,"Ovary [0.24], Skin [0.14], Fallopian tube [0.06]"
459,hsa-mir-15b-3p,0.34717213975957745,"Lymph nodes [0.20], Bone Marrow [0.16], Thorax [0.08]"
460,hsa-mir-511-5p,0.3437240001343785,"Lung [0.12], Skin [0.11], Soft Tissues [0.08]"
461,hsa-mir-194-5p,0.3436376330092012,"Liver–Gallbladder [0.23], Colon [0.23], Stomach [0.19]"
462,hsa-mir-1301-3p,0.3429356024495189,"Fallopian tube [0.15], Ovary [0.11], Skin [0.10]"
463,hsa-mir-130b-3p,0.33975908047016273,"Fallopian tube [0.19], Bone Marrow [0.14], Testis [0.06]"
464,hsa-mir-505-5p,0.33850476098657745,"Bone Marrow [0.13], Ovary [0.09], Lymph nodes [0.08]"
465,hsa-mir-30c-2-3p,0.3335299828216447,"Kidney [0.18], Thyroid [0.12], Ovary [0.09]"
466,hsa-mir-1287-3p,0.333027090107153,"Testis [0.09], Skin [0.08], Thyroid [0.07]"
467,hsa-mir-224-5p,0.32687429826282144,"Mucosa [0.18], Lung [0.15], Fallopian tube [0.13]"
468,hsa-mir-486-5p,0.3227535164387851,"Fallopian tube [0.32], Bone Marrow [0.18], Ovary [0.08]"
469,hsa-mir-142-5p,0.3220514499540133,"Bone Marrow [0.21], Lymph nodes [0.15], Thorax [0.12]"
470,hsa-mir-1287-5p,0.3205372624412915,"Skin [0.16], Testis [0.08], Ovary [0.07]"
471,hsa-mir-331-5p,0.3198719529190587,"Fallopian tube [0.09], Lymph nodes [0.09], Lung [0.07]"
472,hsa-mir-708-5p,0.31971136576275866,"Fallopian tube [0.18], Bone Marrow [0.12], Brain [0.07]"
473,hsa-mir-203a-3p,0.31841277914460314,"Mucosa [0.34], Esophagus [0.15], Bladder [0.12]"
474,hsa-mir-191-5p,0.3182279696319689,"Fallopian tube [0.48], Bone Marrow [0.09], Ovary [0.07]"
475,hsa-mir-423-5p,0.31813603973980115,"Fallopian tube [0.25], Bone Marrow [0.13], Ovary [0.07]"
476,hsa-mir-574-3p,0.31732445851584984,"Fallopian tube [0.26], Ovary [0.10], Pancreas [0.08]"
477,hsa-mir-200a-5p,0.3166335885646142,"Colon [0.13], Stomach [0.11], Bladder [0.10]"
478,hsa-mir-2355-5p,0.31638130155444183,"Bone Marrow [0.16], Mucosa [0.07], Bladder [0.06]"
479,hsa-mir-1180-3p,0.31522415792303404,"Ovary [0.17], Fallopian tube [0.12], Adrenal Gland [0.06]"
480,hsa-mir-340-5p,0.3140389558978162,"Kidney [0.14], Bone Marrow [0.11], Brain [0.11]"
481,hsa-mir-331-3p,0.3136431446879118,"Fallopian tube [0.16], Ovary [0.08], Lymph nodes [0.08]"
482,hsa-mir-330-5p,0.31346206357572287,"Lymph nodes [0.15], Skin [0.10], Bone Marrow [0.08]"
483,hsa-mir-155-5p,0.3131825295198013,"Lymph nodes [0.35], Bone Marrow [0.18], Skin [0.05]"
484,hsa-mir-19b-3p,0.3128581201834146,"Bone Marrow [0.25], Lymph nodes [0.22], Thymus [0.06]"
485,hsa-mir-142-3p,0.3128052498148828,"Bone Marrow [0.26], Lymph nodes [0.19], Thymus [0.18]"
486,hsa-mir-20a-5p,0.31238220781375775,"Lymph nodes [0.31], Bone Marrow [0.24], Thymus [0.07]"
487,hsa-mir-186-5p,0.3116618552967763,"Fallopian tube [0.39], Ovary [0.06], Colon [0.05]"
488,hsa-mir-149-5p,0.31121582271357956,"Thorax [0.15], Ovary [0.14], Fallopian tube [0.13]"
489,hsa-mir-99b-3p,0.31120889268864965,"Ovary [0.21], Skin [0.08], Fallopian tube [0.07]"
490,hsa-mir-324-3p,0.3097498261744321,"Ovary [0.15], Skin [0.12], Fallopian tube [0.08]"
491,hsa-mir-576-5p,0.3062984859865631,"Thymus [0.12], Thorax [0.11], Bone Marrow [0.10]"
492,hsa-mir-17-3p,0.3037337251511895,"Lymph nodes [0.30], Bone Marrow [0.14], Thymus [0.08]"
493,hsa-mir-328-3p,0.29990499757737926,"Ovary [0.17], Adrenal Gland [0.11], Thorax [0.08]"
494,hsa-mir-598-3p,0.2994133851942052,"Adrenal Gland [0.16], Lymph nodes [0.11], Thorax [0.09]"
495,hsa-mir-17-5p,0.2979013860542307,"Lymph nodes [0.30], Bone Marrow [0.23], Thymus [0.06]"
496,hsa-mir-107,0.29664517909809524,"Fallopian tube [0.24], Kidney [0.08], Lung [0.07]"
497,hsa-mir-425-5p,0.295439890760266,"Bone Marrow [0.29], Fallopian tube [0.11], Lymph nodes [0.08]"
498,hsa-mir-26a-2-3p,0.2951454575896931,"Thymus [0.09], Thorax [0.08], Peritoneum [0.08]"
499,hsa-mir-378a-5p,0.294770578102502,"Ovary [0.19], Bone Marrow [0.10], Lymph nodes [0.10]"
500,hsa-mir-200c-3p,0.2915122305331988,"Ovary [0.32], Bladder [0.07], Uterus [0.07]"
501,hsa-mir-744-5p,0.28989778429853835,"Fallopian tube [0.17], Ovary [0.10], Bone Marrow [0.09]"
502,hsa-mir-455-3p,0.2896379868822329,"Thorax [0.23], Thymus [0.18], Liver–Gallbladder [0.07]"
503,hsa-mir-4662a-5p,0.287045611885111,"Liver–Gallbladder [0.11], Bladder [0.07], Mucosa [0.07]"
504,hsa-mir-134-5p,0.28561478543035673,"Testis [0.22], Adrenal Gland [0.19], Peritoneum [0.11]"
505,hsa-mir-27b-3p,0.28477725924600666,"Fallopian tube [0.39], Pancreas [0.07], Ovary [0.06]"
506,hsa-mir-339-5p,0.28410705696826044,"Lymph nodes [0.15], Bone Marrow [0.14], Skin [0.06]"
507,hsa-mir-3065-3p,0.28380246608097404,"Adrenal Gland [0.13], Thymus [0.13], Thorax [0.12]"
508,hsa-mir-128-3p,0.28328608838193997,"Thymus [0.22], Thorax [0.21], Brain [0.12]"
509,hsa-mir-379-5p,0.28293167905479016,"Testis [0.22], Adrenal Gland [0.20], Peritoneum [0.13]"
510,hsa-mir-140-5p,0.28229642384492837,"Bone Marrow [0.15], Lymph nodes [0.08], Thorax [0.07]"
511,hsa-mir-22-5p,0.2805589816395097,"Pancreas [0.13], Lung [0.11], Mucosa [0.09]"
512,hsa-mir-197-3p,0.2797726824990138,"Ovary [0.29], Bone Marrow [0.11], Fallopian tube [0.09]"
513,hsa-mir-127-3p,0.2776343879901874,"Adrenal Gland [0.26], Testis [0.15], Peritoneum [0.11]"
514,hsa-mir-221-3p,0.2768615402409588,"Fallopian tube [0.26], Bone Marrow [0.10], Pancreas [0.07]"
515,hsa-mir-193b-3p,0.2758698376331694,"Fallopian tube [0.18], Ovary [0.09], Breast [0.08]"
516,hsa-mir-199b-5p,0.27465608302731354,"Pancreas [0.16], Lung [0.10], Peritoneum [0.09]"
517,hsa-mir-375-3p,0.27192784280689014,"Adrenal Gland [0.25], Prostate [0.20], Pancreas [0.11]"
518,hsa-mir-628-5p,0.27127416552276407,"Breast [0.09], Bone Marrow [0.09], Brain [0.07]"
519,hsa-mir-193a-5p,0.27019195335932084,"Ovary [0.23], Skin [0.10], Liver–Gallbladder [0.06]"
520,hsa-mir-15a-5p,0.26839920820711133,"Bone Marrow [0.20], Lymph nodes [0.16], Thymus [0.11]"
521,hsa-mir-335-3p,0.2682956817181323,"Testis [0.18], Fallopian tube [0.17], Kidney [0.07]"
522,hsa-let-7g-3p,0.2675442605928087,"Thorax [0.11], Thymus [0.11], Bone Marrow [0.08]"
523,hsa-mir-181b-5p,0.26640615792793143,"Bone Marrow [0.26], Fallopian tube [0.10], Thymus [0.10]"
524,hsa-mir-324-5p,0.2662972763498233,"Bone Marrow [0.13], Fallopian tube [0.12], Lymph nodes [0.07]"
525,hsa-mir-185-5p,0.2662860564357933,"Bone Marrow [0.16], Skin [0.10], Lung [0.08]"
526,hsa-mir-150-5p,0.26626275931109217,"Bone Marrow [0.25], Thymus [0.10], Thorax [0.09]"
527,hsa-mir-374a-5p,0.26541387419568613,"Bone Marrow [0.13], Kidney [0.09], Thymus [0.06]"
528,hsa-mir-629-5p,0.2640778628723039,"Testis [0.15], Thorax [0.11], Thymus [0.11]"
529,hsa-mir-143-5p,0.26334866263063783,"Colon [0.12], Prostate [0.09], Peritoneum [0.08]"
530,hsa-mir-589-5p,0.26302231764172757,"Lymph nodes [0.16], Bone Marrow [0.10], Skin [0.09]"
531,hsa-mir-125a-5p,0.262792714935382,"Fallopian tube [0.28], Kidney [0.11], Lung [0.08]"
532,hsa-let-7d-5p,0.262537954161251,"Fallopian tube [0.24], Lung [0.09], Pancreas [0.08]"
533,hsa-mir-130b-5p,0.2584300885636464,"Bone Marrow [0.11], Fallopian tube [0.10], Lymph nodes [0.08]"
534,hsa-mir-338-3p,0.256259392835229,"Brain [0.22], Skin [0.10], Bone Marrow [0.08]"
535,hsa-mir-874-3p,0.25486061213027295,"Fallopian tube [0.13], Lymph nodes [0.09], Ovary [0.09]"
536,hsa-mir-374b-5p,0.2541987096498782,"Bone Marrow [0.15], Testis [0.07], Kidney [0.06]"
537,hsa-mir-582-3p,0.2532650638289097,"Bone Marrow [0.17], Skin [0.08], Bladder [0.07]"
538,hsa-mir-33a-5p,0.2532512712333154,"Thorax [0.09], Colon [0.08], Thymus [0.08]"
539,hsa-mir-32-5p,0.2529845995433317,"Bone Marrow [0.11], Thyroid [0.08], Thorax [0.08]"
540,hsa-mir-542-3p,0.25200355974414873,"Thyroid [0.15], Testis [0.11], Adrenal Gland [0.09]"
541,hsa-let-7c-3p,0.2506812944629152,"Soft Tissues [0.09], Testis [0.09], Brain [0.08]"
542,hsa-mir-218-5p,0.24804300179563218,"Thorax [0.11], Kidney [0.11], Adrenal Gland [0.10]"
543,hsa-mir-652-3p,0.24278297707186228,"Bone Marrow [0.11], Ovary [0.10], Fallopian tube [0.10]"
544,hsa-mir-26a-5p,0.2426795898424199,"Fallopian tube [0.29], Pancreas [0.12], Lung [0.12]"
545,hsa-mir-181c-3p,0.2408658857869248,"Bone Marrow [0.12], Brain [0.11], Fallopian tube [0.09]"
546,hsa-let-7i-5p,0.23471063660183877,"Fallopian tube [0.21], Pancreas [0.12], Lung [0.09]"
547,hsa-mir-132-3p,0.23173982633936732,"Thorax [0.15], Thymus [0.12], Adrenal Gland [0.11]"
548,hsa-mir-199a-5p,0.22570073252450865,"Soft Tissues [0.17], Peritoneum [0.14], Testis [0.13]"
549,hsa-mir-342-3p,0.22376141945170816,"Bone Marrow [0.14], Lymph nodes [0.10], Fallopian tube [0.09]"
550,hsa-mir-378a-3p,0.22342025802261245,"Fallopian tube [0.18], Ovary [0.14], Lymph nodes [0.08]"
551,hsa-mir-15b-5p,0.22287195558891829,"Bone Marrow [0.16], Lymph nodes [0.11], Ovary [0.10]"
552,hsa-mir-424-5p,0.22239361518849743,"Thyroid [0.12], Testis [0.09], Bone Marrow [0.07]"
553,hsa-mir-148b-3p,0.22197363817153634,"Fallopian tube [0.16], Ovary [0.06], Skin [0.05]"
554,hsa-mir-452-5p,0.22150050873195135,"Mucosa [0.11], Liver–Gallbladder [0.09], Bladder [0.08]"
555,hsa-mir-126-5p,0.21744859998175736,"Fallopian tube [0.14], Kidney [0.10], Lung [0.10]"
556,hsa-mir-708-3p,0.213485616720366,"Brain [0.10], Mucosa [0.09], Testis [0.08]"
557,hsa-mir-1307-3p,0.20774482435899602,"Ovary [0.18], Lymph nodes [0.12], Bone Marrow [0.10]"
558,hsa-mir-744-3p,0.20766792401780965,"Bone Marrow [0.08], Uterus [0.06], Thorax [0.06]"
559,hsa-mir-374a-3p,0.20581762391181493,"Testis [0.14], Bone Marrow [0.11], Thorax [0.07]"
560,hsa-mir-505-3p,0.20365265042236913,"Bone Marrow [0.10], Kidney [0.08], Lymph nodes [0.07]"
561,hsa-let-7g-5p,0.19743626578154835,"Fallopian tube [0.15], Pancreas [0.12], Lung [0.12]"
562,hsa-mir-30a-3p,0.1950185927948981,"Kidney [0.17], Thyroid [0.16], Breast [0.12]"
563,hsa-mir-181a-2-3p,0.19378433594216815,"Skin [0.15], Thyroid [0.14], Bone Marrow [0.10]"
564,hsa-mir-99b-5p,0.19110947378131513,"Ovary [0.28], Skin [0.08], Adrenal Gland [0.07]"
565,hsa-mir-100-5p,0.18693989881065853,"Thymus [0.18], Thorax [0.18], Skin [0.07]"
566,hsa-mir-93-5p,0.18515082184971712,"Bone Marrow [0.20], Lymph nodes [0.17], Skin [0.07]"
567,hsa-let-7a-3p,0.18451947226980714,"Uterus [0.08], Thymus [0.08], Bone Marrow [0.08]"
568,hsa-mir-28-5p,0.1841410287897978,"Fallopian tube [0.11], Pancreas [0.09], Lung [0.08]"
569,hsa-mir-29b-3p,0.18190168450304298,"Thorax [0.11], Thymus [0.11], Lymph nodes [0.10]"
570,hsa-mir-29c-3p,0.1785867401698256,"Thymus [0.13], Thyroid [0.11], Thorax [0.11]"
571,hsa-mir-30a-5p,0.17785871252594201,"Kidney [0.20], Thyroid [0.15], Breast [0.11]"
572,hsa-mir-125b-5p,0.1769418112300779,"Brain [0.11], Thymus [0.11], Pancreas [0.10]"
573,hsa-mir-99a-5p,0.17583162780813846,"Thymus [0.11], Brain [0.10], Thorax [0.10]"
574,hsa-let-7e-5p,0.17404000214308976,"Fallopian tube [0.15], Adrenal Gland [0.11], Ovary [0.09]"
575,hsa-mir-361-3p,0.1634616440967667,"Bone Marrow [0.10], Lymph nodes [0.09], Skin [0.07]"
576,hsa-mir-210-3p,0.16300095450502292,"Lymph nodes [0.11], Uterus [0.08], Kidney [0.06]"
577,hsa-mir-365a-3p,0.15904401726595022,"Pancreas [0.08], Kidney [0.08], Mucosa [0.07]"
578,hsa-mir-101-3p,0.1568830829301965,"Thorax [0.14], Thymus [0.14], Thyroid [0.09]"
579,hsa-mir-25-3p,0.1554000732743137,"Bone Marrow [0.17], Skin [0.08], Lymph nodes [0.08]"
580,hsa-mir-23b-3p,0.15539867079546718,"Pancreas [0.11], Fallopian tube [0.11], Lung [0.09]"
581,hsa-mir-140-3p,0.1534450074319286,"Bone Marrow [0.13], Skin [0.10], Lymph nodes [0.06]"
582,hsa-mir-92a-3p,0.15286648309800147,"Lymph nodes [0.15], Ovary [0.14], Bone Marrow [0.13]"
583,hsa-mir-10b-5p,0.1523892884931547,"Adrenal Gland [0.16], Kidney [0.11], Fallopian tube [0.08]"
584,hsa-mir-1307-5p,0.15206653266510964,"Lymph nodes [0.09], Thorax [0.08], Bone Marrow [0.08]"
585,hsa-mir-126-3p,0.1509279424663443,"Bone Marrow [0.12], Kidney [0.09], Thyroid [0.08]"
586,hsa-let-7b-5p,0.15035954854113007,"Ovary [0.16], Thymus [0.11], Thorax [0.09]"
587,hsa-mir-143-3p,0.14159904157452796,"Prostate [0.16], Peritoneum [0.10], Stomach [0.10]"
588,hsa-mir-30b-5p,0.14119006609340665,"Lung [0.10], Bone Marrow [0.10], Kidney [0.09]"
589,hsa-mir-28-3p,0.1354095601813839,"Lymph nodes [0.12], Bone Marrow [0.07], Fallopian tube [0.06]"
590,hsa-mir-21-3p,0.1332312378444435,"Mucosa [0.09], Fallopian tube [0.09], Colon [0.07]"
591,hsa-mir-27a-3p,0.1321124207418736,"Mucosa [0.10], Fallopian tube [0.09], Lung [0.07]"
592,hsa-mir-152-3p,0.13021038000034896,"Skin [0.08], Thyroid [0.07], Mucosa [0.06]"
593,hsa-mir-145-5p,0.12495522063883131,"Prostate [0.09], Stomach [0.08], Pancreas [0.07]"
594,hsa-mir-30e-3p,0.12359680556960355,"Bone Marrow [0.11], Lymph nodes [0.08], Thyroid [0.07]"
595,hsa-mir-34a-5p,0.12261154178832627,"Fallopian tube [0.08], Lung [0.07], Thyroid [0.07]"
596,hsa-mir-24-3p,0.11802987816922668,"Mucosa [0.10], Lung [0.07], Uterus [0.06]"
597,hsa-mir-29a-3p,0.11540062654585692,"Thyroid [0.11], Skin [0.08], Thorax [0.06]"
598,hsa-mir-532-5p,0.11473244885323529,"Skin [0.09], Thorax [0.07], Thymus [0.06]"
599,hsa-mir-148a-3p,0.10796107698437134,"Liver–Gallbladder [0.10], Thymus [0.09], Thorax [0.08]"
600,hsa-mir-361-5p,0.1024563852418055,"Bone Marrow [0.07], Thorax [0.07], Skin [0.06]"
601,hsa-mir-30d-5p,0.0957412964107831,"Skin [0.09], Bone Marrow [0.07], Lung [0.07]"
602,hsa-mir-22-3p,0.07055312575027652,"Liver–Gallbladder [0.08], Adrenal Gland [0.07], Soft Tissues [0.07]"
603,hsa-mir-21-5p,0.06340658455946253,"Pancreas [0.07], Esophagus [0.07], Lung [0.06]"
