,mature_name,Tau_gtex,gtex_tissues
0,hsa-mir-216a-3p,0.9974358856850027,"Pancreas [0.98], Testis [0.00], Brain [0.00]"
1,hsa-mir-3663-5p,0.9965903886880862,"Testis [0.97], Brain [0.02], Adrenal Gland [0.00]"
2,hsa-mir-372-5p,0.9958564381641505,"Testis [0.94], Heart [0.03], Breast [0.01]"
3,hsa-mir-526b-3p,0.9934300771553319,"Testis [0.93], Breast [0.02], Omentum [0.01]"
4,hsa-mir-515-3p,0.9931072313937161,"Testis [0.90], Omentum [0.02], Spleen [0.02]"
5,hsa-mir-584-3p,0.9917670851313503,"Whole Blood [0.88], Brain [0.03], Heart [0.03]"
6,hsa-mir-3663-3p,0.9882601638100948,"Testis [0.94], Brain [0.04], Whole Blood [0.00]"
7,hsa-mir-34b-3p,0.9879648206631714,"Testis [0.95], Fallopian Tube [0.02], Lung [0.02]"
8,hsa-mir-208b-5p,0.9878070605014888,"Heart [0.89], Soft Tissues [0.08], Salivary Gland [0.01]"
9,hsa-mir-367-3p,0.9877669627348764,"Heart [0.81], Brain [0.03], Testis [0.03]"
10,hsa-mir-670-5p,0.9834270341456129,"Testis [0.91], Brain [0.04], Adrenal Gland [0.01]"
11,hsa-mir-124-5p,0.9830100276270376,"Brain [0.95], Liver [0.01], Fallopian Tube [0.01]"
12,hsa-mir-302b-3p,0.9802915841784884,"Heart [0.97], Brain [0.02], Soft Tissues [0.00]"
13,hsa-mir-525-3p,0.9801909667293424,"Testis [0.75], Omentum [0.04], Breast [0.03]"
14,hsa-mir-302a-3p,0.9796632985549715,"Heart [0.94], Brain [0.03], Soft Tissues [0.01]"
15,hsa-mir-122-3p,0.9796408780035893,"Liver [0.99], Whole Blood [0.01], Omentum [0.00]"
16,hsa-mir-520f-5p,0.9777665782899221,"Testis [0.71], Omentum [0.06], Liver [0.04]"
17,hsa-mir-211-3p,0.977584797645152,"Skin [0.72], Brain [0.07], Vagina [0.07]"
18,hsa-mir-520c-3p,0.9773141228745665,"Testis [0.95], Omentum [0.02], Breast [0.01]"
19,hsa-mir-302d-3p,0.977027399344747,"Heart [0.96], Brain [0.01], Soft Tissues [0.01]"
20,hsa-mir-302a-5p,0.976569676039929,"Heart [0.93], Brain [0.02], Soft Tissues [0.01]"
21,hsa-mir-208a-3p,0.9762870195490643,"Heart [0.98], Soft Tissues [0.01], Prostate [0.00]"
22,hsa-mir-3619-3p,0.9747401455599455,"Whole Blood [0.80], Adrenal Gland [0.03], Omentum [0.02]"
23,hsa-mir-448,0.9746635096598654,"Brain [0.92], Vagina [0.04], Fallopian Tube [0.01]"
24,hsa-mir-208a-5p,0.9741241788807529,"Heart [0.98], Soft Tissues [0.01], Omentum [0.00]"
25,hsa-mir-486-5p,0.9737588229250445,"Whole Blood [0.96], Fallopian Tube [0.04], Lung [0.00]"
26,hsa-mir-128-2-5p,0.9721286806762877,"Brain [0.78], Soft Tissues [0.13], Salivary Gland [0.02]"
27,hsa-mir-1912-3p,0.9719104287724918,"Brain [0.75], Vagina [0.22], Prostate [0.01]"
28,hsa-mir-519b-3p,0.9708317615263116,"Testis [0.79], Omentum [0.04], Breast [0.03]"
29,hsa-mir-524-5p,0.9702832915863417,"Testis [0.78], Omentum [0.06], Breast [0.03]"
30,hsa-mir-517-5p,0.969436234877541,"Testis [0.62], Whole Blood [0.09], Liver [0.08]"
31,hsa-mir-519e-5p,0.9689847748554401,"Testis [0.59], Omentum [0.05], Spleen [0.04]"
32,hsa-mir-515-5p,0.9681922682447143,"Testis [0.90], Omentum [0.02], Breast [0.02]"
33,hsa-mir-513a-3p,0.9681540659108369,"Testis [0.96], Ovary [0.01], Adrenal Gland [0.01]"
34,hsa-mir-3944-5p,0.9667278810123677,"Whole Blood [0.80], Liver [0.07], Omentum [0.02]"
35,hsa-mir-513c-3p,0.9666009827666003,"Testis [0.95], Ovary [0.02], Adrenal Gland [0.01]"
36,hsa-mir-670-3p,0.966287507723289,"Testis [0.85], Brain [0.07], Adrenal Gland [0.02]"
37,hsa-mir-507,0.9658644469381269,"Testis [0.94], Kidney [0.02], Adrenal Gland [0.01]"
38,hsa-mir-371a-3p,0.9651862467591247,"Testis [0.88], Heart [0.10], Brain [0.01]"
39,hsa-mir-1252-3p,0.9651152178074536,"Brain [0.56], Uterus–Cervix [0.09], Vagina [0.07]"
40,hsa-mir-215-3p,0.9642640595262965,"Colon–Intestine [0.94], Omentum [0.02], Testis [0.01]"
41,hsa-mir-432-3p,0.9640407662500341,"Brain [0.57], Adrenal Gland [0.28], Testis [0.03]"
42,hsa-mir-1298-3p,0.9626186758601649,"Brain [0.88], Vagina [0.08], Fallopian Tube [0.01]"
43,hsa-mir-488-5p,0.9622656758242837,"Brain [0.75], Adrenal Gland [0.11], Spleen [0.03]"
44,hsa-mir-105-3p,0.9612117669591137,"Brain [0.55], Testis [0.35], Spleen [0.04]"
45,hsa-mir-770-5p,0.9607355424114342,"Brain [0.84], Adrenal Gland [0.07], Liver [0.01]"
46,hsa-mir-512-3p,0.9575587603626271,"Testis [0.91], Omentum [0.03], Heart [0.02]"
47,hsa-mir-520d-3p,0.9561556040074481,"Testis [0.65], Whole Blood [0.06], Omentum [0.05]"
48,hsa-mir-520a-5p,0.9553453121404931,"Testis [0.90], Omentum [0.03], Breast [0.02]"
49,hsa-mir-191-3p,0.9537802355730954,"Whole Blood [0.88], Heart [0.04], Esophagus [0.02]"
50,hsa-mir-1911-3p,0.9514510695172739,"Vagina [0.51], Brain [0.17], Testis [0.14]"
51,hsa-mir-514b-3p,0.9496840351276659,"Testis [0.92], Kidney [0.03], Adrenal Gland [0.02]"
52,hsa-mir-7151-3p,0.9490311029345855,"Heart [0.53], Brain [0.15], Soft Tissues [0.09]"
53,hsa-mir-1264,0.9484928572106788,"Brain [0.85], Vagina [0.09], Fallopian Tube [0.01]"
54,hsa-mir-96-3p,0.9475986953027485,"Whole Blood [0.66], Mucosa [0.06], Brain [0.06]"
55,hsa-mir-885-3p,0.9453507164961518,"Liver [0.73], Brain [0.21], Spleen [0.02]"
56,hsa-mir-3140-5p,0.9448102670426295,"Whole Blood [0.45], Spleen [0.10], Breast [0.07]"
57,hsa-mir-498-5p,0.9435979223161365,"Testis [0.86], Omentum [0.03], Breast [0.03]"
58,hsa-mir-1251-3p,0.9431841135114432,"Thyroid [0.48], Brain [0.22], Kidney [0.19]"
59,hsa-mir-521,0.942843569255562,"Testis [0.47], Lung [0.34], Brain [0.03]"
60,hsa-mir-106a-5p,0.9422086684114529,"Prostate [0.42], Kidney [0.20], Spleen [0.08]"
61,hsa-mir-372-3p,0.9414131047164095,"Testis [0.93], Heart [0.04], Brain [0.02]"
62,hsa-mir-433-5p,0.9401661910703736,"Brain [0.61], Adrenal Gland [0.12], Spleen [0.03]"
63,hsa-mir-892b,0.9376338569778296,"Testis [0.54], Thyroid [0.15], Kidney [0.12]"
64,hsa-mir-875-3p,0.9370581879688138,"Liver [0.42], Whole Blood [0.16], Pancreas [0.08]"
65,hsa-mir-1286,0.9365580833502974,"Brain [0.48], Spleen [0.13], Lung [0.05]"
66,hsa-mir-3145-3p,0.9353133425965977,"Heart [0.40], Liver [0.16], Colon–Intestine [0.08]"
67,hsa-mir-373-3p,0.934320542744532,"Testis [0.85], Heart [0.07], Brain [0.02]"
68,hsa-mir-519c-3p,0.9336463163189069,"Testis [0.74], Omentum [0.06], Breast [0.04]"
69,hsa-mir-5586-5p,0.9320852300424767,"Brain [0.56], Spleen [0.18], Lung [0.05]"
70,hsa-mir-517c-3p,0.9316903766855269,"Testis [0.82], Omentum [0.04], Breast [0.03]"
71,hsa-mir-323b-5p,0.9315704930033855,"Liver [0.41], Whole Blood [0.30], Pancreas [0.07]"
72,hsa-mir-7151-5p,0.9286199205385961,"Heart [0.58], Brain [0.10], Soft Tissues [0.09]"
73,hsa-mir-2115-3p,0.9269355353973643,"Spleen [0.44], Whole Blood [0.28], Lung [0.09]"
74,hsa-mir-892c-3p,0.9266111308040251,"Kidney [0.44], Testis [0.22], Thyroid [0.13]"
75,hsa-mir-105-5p,0.9264468043773035,"Brain [0.65], Testis [0.30], Soft Tissues [0.01]"
76,hsa-mir-155-3p,0.9224774827921928,"Spleen [0.35], Lung [0.11], Colon–Intestine [0.10]"
77,hsa-mir-519a-3p,0.9219746579795967,"Testis [0.60], Lung [0.20], Brain [0.07]"
78,hsa-mir-383-3p,0.9212851528642405,"Brain [0.41], Ovary [0.15], Testis [0.09]"
79,hsa-mir-504-3p,0.9207268241404278,"Brain [0.35], Soft Tissues [0.22], Omentum [0.07]"
80,hsa-mir-1296-3p,0.9176516165439046,"Brain [0.33], Adrenal Gland [0.11], Ovary [0.11]"
81,hsa-mir-1914-3p,0.9167865768260242,"Heart [0.33], Adrenal Gland [0.22], Omentum [0.08]"
82,hsa-mir-216b-3p,0.9161726666926638,"Pancreas [0.96], Soft Tissues [0.01], Testis [0.01]"
83,hsa-mir-211-5p,0.9149774967580396,"Skin [0.77], Brain [0.10], Salivary Gland [0.06]"
84,hsa-mir-5586-3p,0.9148809481911633,"Brain [0.34], Salivary Gland [0.14], Spleen [0.12]"
85,hsa-mir-208b-3p,0.9147379574345925,"Heart [0.92], Soft Tissues [0.06], Salivary Gland [0.00]"
86,hsa-mir-5579-5p,0.9147037809852959,"Mucosa [0.32], Ovary [0.21], Fallopian Tube [0.13]"
87,hsa-mir-514b-5p,0.9145567393619133,"Testis [0.94], Kidney [0.02], Adrenal Gland [0.01]"
88,hsa-mir-552-5p,0.9142567867111864,"Colon–Intestine [0.44], Brain [0.29], Testis [0.18]"
89,hsa-mir-330-3p,0.9139896714100803,"Brain [0.60], Heart [0.05], Spleen [0.05]"
90,hsa-mir-1-5p,0.9134901427824365,"Heart [0.40], Soft Tissues [0.35], Bladder [0.06]"
91,hsa-mir-552-3p,0.913311231939871,"Colon–Intestine [0.64], Brain [0.21], Liver [0.05]"
92,hsa-mir-888-3p,0.9127675818911143,"Testis [0.35], Kidney [0.30], Thyroid [0.06]"
93,hsa-mir-1252-5p,0.9118974160347885,"Brain [0.50], Uterus–Cervix [0.08], Vagina [0.05]"
94,hsa-mir-376a-5p,0.9100534042748464,"Adrenal Gland [0.52], Brain [0.30], Spleen [0.04]"
95,hsa-mir-95-5p,0.9091786805937043,"Spleen [0.48], Brain [0.10], Soft Tissues [0.08]"
96,hsa-mir-615-5p,0.9068004983125871,"Skin [0.32], Soft Tissues [0.11], Liver [0.11]"
97,hsa-mir-6715a-3p,0.905466137208207,"Liver [0.48], Thyroid [0.14], Whole Blood [0.13]"
98,hsa-mir-1197,0.9053739898906814,"Brain [0.52], Adrenal Gland [0.25], Spleen [0.03]"
99,hsa-mir-518b,0.9049560248347965,"Testis [0.71], Omentum [0.10], Breast [0.06]"
100,hsa-mir-134-3p,0.9018615385928405,"Adrenal Gland [0.44], Brain [0.22], Testis [0.10]"
101,hsa-mir-373-5p,0.9004814066443662,"Liver [0.32], Whole Blood [0.21], Prostate [0.07]"
102,hsa-mir-138-2-3p,0.8992291667527538,"Brain [0.85], Kidney [0.03], Soft Tissues [0.02]"
103,hsa-mir-130b-5p,0.8987154105757115,"Whole Blood [0.62], Spleen [0.05], Heart [0.05]"
104,hsa-mir-410-5p,0.8982245188785835,"Adrenal Gland [0.37], Brain [0.16], Spleen [0.10]"
105,hsa-mir-1323,0.898056865057024,"Testis [0.81], Omentum [0.05], Breast [0.03]"
106,hsa-mir-556-3p,0.8980137776422693,"Liver [0.32], Colon–Intestine [0.09], Brain [0.09]"
107,hsa-mir-577,0.8960452417241624,"Brain [0.59], Kidney [0.11], Colon–Intestine [0.08]"
108,hsa-mir-550b-3p,0.8952882335662474,"Whole Blood [0.83], Spleen [0.02], Testis [0.02]"
109,hsa-mir-2114-3p,0.8945207717787969,"Adrenal Gland [0.29], Fallopian Tube [0.22], Testis [0.16]"
110,hsa-mir-499a-3p,0.8941975930122478,"Heart [0.70], Soft Tissues [0.10], Testis [0.04]"
111,hsa-mir-541-5p,0.892537881077133,"Adrenal Gland [0.35], Spleen [0.23], Brain [0.23]"
112,hsa-mir-508-5p,0.8900234770711302,"Testis [0.95], Ovary [0.02], Kidney [0.02]"
113,hsa-mir-656-5p,0.8862052888475972,"Brain [0.38], Adrenal Gland [0.30], Testis [0.05]"
114,hsa-mir-3934-3p,0.8836691470168752,"Spleen [0.28], Thyroid [0.09], Lung [0.08]"
115,hsa-mir-3138,0.8828670961120466,"Whole Blood [0.42], Spleen [0.05], Mucosa [0.05]"
116,hsa-mir-34a-5p,0.8826858248828435,"Fallopian Tube [0.41], Testis [0.33], Lung [0.20]"
117,hsa-mir-541-3p,0.8805765548993426,"Brain [0.43], Adrenal Gland [0.30], Spleen [0.03]"
118,hsa-mir-205-3p,0.8802260566870674,"Mucosa [0.33], Skin [0.23], Vagina [0.14]"
119,hsa-mir-522-3p,0.8799753269497734,"Testis [0.60], Lung [0.18], Thyroid [0.08]"
120,hsa-mir-137-3p,0.8792125490422171,"Brain [0.84], Adrenal Gland [0.09], Colon–Intestine [0.01]"
121,hsa-mir-1910-3p,0.8760418174042331,"Spleen [0.25], Vagina [0.10], Bladder [0.08]"
122,hsa-mir-7-2-3p,0.8753335117172607,"Thyroid [0.41], Brain [0.24], Adrenal Gland [0.11]"
123,hsa-mir-153-5p,0.8747650538031997,"Brain [0.64], Testis [0.07], Adrenal Gland [0.05]"
124,hsa-mir-217-5p,0.8744797064948567,"Pancreas [0.96], Kidney [0.01], Soft Tissues [0.00]"
125,hsa-mir-496,0.8741656568540925,"Adrenal Gland [0.42], Brain [0.28], Testis [0.04]"
126,hsa-mir-1911-5p,0.8722553780921182,"Vagina [0.51], Brain [0.25], Testis [0.06]"
127,hsa-mir-1914-5p,0.8703351130997627,"Whole Blood [0.25], Heart [0.25], Adrenal Gland [0.07]"
128,hsa-mir-1301-5p,0.8701768206829147,"Brain [0.25], Spleen [0.09], Salivary Gland [0.08]"
129,hsa-mir-1910-5p,0.8701625076691277,"Whole Blood [0.29], Heart [0.12], Mucosa [0.08]"
130,hsa-mir-3944-3p,0.8700393466764246,"Whole Blood [0.41], Liver [0.11], Kidney [0.06]"
131,hsa-mir-2276-5p,0.8694178030224515,"Whole Blood [0.28], Brain [0.12], Spleen [0.11]"
132,hsa-mir-517b-3p,0.8683497098270297,"Testis [0.80], Omentum [0.05], Breast [0.04]"
133,hsa-mir-5581-3p,0.8681484719329078,"Whole Blood [0.41], Spleen [0.06], Heart [0.06]"
134,hsa-mir-149-3p,0.8642319595096842,"Skin [0.25], Brain [0.20], Mucosa [0.15]"
135,hsa-mir-449a,0.8621456954950345,"Testis [0.68], Fallopian Tube [0.23], Lung [0.07]"
136,hsa-mir-4637,0.861715821766048,"Whole Blood [0.25], Spleen [0.12], Lung [0.08]"
137,hsa-mir-1251-5p,0.8614999525704168,"Thyroid [0.43], Brain [0.28], Kidney [0.16]"
138,hsa-mir-598-5p,0.8614784747389421,"Brain [0.32], Adrenal Gland [0.07], Thyroid [0.06]"
139,hsa-mir-3140-3p,0.8591749782474676,"Whole Blood [0.27], Spleen [0.20], Lung [0.07]"
140,hsa-mir-876-3p,0.8590440869210758,"Brain [0.43], Uterus–Cervix [0.13], Thyroid [0.09]"
141,hsa-mir-4766-5p,0.8572747697294109,"Kidney [0.22], Whole Blood [0.13], Breast [0.12]"
142,hsa-mir-489-3p,0.8572329650630424,"Kidney [0.52], Brain [0.11], Soft Tissues [0.06]"
143,hsa-mir-873-3p,0.8563064751414418,"Brain [0.36], Uterus–Cervix [0.21], Testis [0.14]"
144,hsa-mir-1908-3p,0.8557256648019479,"Adrenal Gland [0.25], Whole Blood [0.20], Testis [0.08]"
145,hsa-mir-219b-3p,0.8505048458722376,"Kidney [0.22], Brain [0.15], Testis [0.08]"
146,hsa-mir-1249-5p,0.8497737155085126,"Skin [0.22], Fallopian Tube [0.11], Brain [0.10]"
147,hsa-mir-3146,0.8477636444634955,"Whole Blood [0.22], Spleen [0.09], Lung [0.06]"
148,hsa-mir-1269a,0.8469293343302783,"Kidney [0.53], Bladder [0.16], Testis [0.09]"
149,hsa-mir-328-5p,0.8457728918226016,"Adrenal Gland [0.21], Brain [0.11], Spleen [0.08]"
150,hsa-mir-3942-3p,0.843202700390442,"Spleen [0.20], Fallopian Tube [0.13], Ovary [0.10]"
151,hsa-mir-431-3p,0.8429928676403088,"Brain [0.49], Adrenal Gland [0.23], Spleen [0.05]"
152,hsa-mir-935,0.8406670146041823,"Brain [0.73], Testis [0.07], Soft Tissues [0.03]"
153,hsa-mir-655-5p,0.8371217799504923,"Adrenal Gland [0.28], Brain [0.14], Testis [0.06]"
154,hsa-mir-875-5p,0.8369943343377274,"Spleen [0.20], Brain [0.10], Skin [0.09]"
155,hsa-mir-32-5p,0.8360030054243007,"Adrenal Gland [0.20], Lung [0.07], Breast [0.07]"
156,hsa-mir-889-5p,0.8354462405510945,"Adrenal Gland [0.41], Brain [0.20], Spleen [0.08]"
157,hsa-mir-513b-5p,0.8351573223687088,"Testis [0.91], Ovary [0.03], Adrenal Gland [0.03]"
158,hsa-mir-494-5p,0.8322981088095444,"Adrenal Gland [0.43], Testis [0.09], Skin [0.05]"
159,hsa-mir-2115-5p,0.8320775369666658,"Whole Blood [0.42], Spleen [0.29], Lung [0.07]"
160,hsa-mir-487b-5p,0.8308856341717877,"Brain [0.35], Adrenal Gland [0.33], Spleen [0.03]"
161,hsa-mir-2114-5p,0.82706467740422,"Adrenal Gland [0.27], Testis [0.17], Ovary [0.10]"
162,hsa-mir-579-5p,0.8251886071346458,"Whole Blood [0.48], Spleen [0.06], Testis [0.06]"
163,hsa-mir-4661-3p,0.8233096217157104,"Testis [0.19], Liver [0.15], Whole Blood [0.09]"
164,hsa-mir-651-3p,0.8231595140768125,"Prostate [0.18], Salivary Gland [0.16], Mucosa [0.14]"
165,hsa-mir-3127-3p,0.822730897996492,"Whole Blood [0.73], Heart [0.04], Soft Tissues [0.02]"
166,hsa-mir-129-2-3p,0.8226624021608174,"Brain [0.72], Testis [0.12], Adrenal Gland [0.04]"
167,hsa-mir-184,0.8218730056449837,"Brain [0.53], Kidney [0.19], Lung [0.15]"
168,hsa-mir-192-3p,0.8218246834028018,"Liver [0.34], Colon–Intestine [0.27], Kidney [0.21]"
169,hsa-mir-187-5p,0.81923656742802,"Testis [0.29], Esophagus [0.23], Heart [0.15]"
170,hsa-mir-506-5p,0.8161597163143299,"Testis [0.92], Ovary [0.02], Adrenal Gland [0.02]"
171,hsa-mir-876-5p,0.8161140995515076,"Brain [0.18], Thyroid [0.16], Stomach [0.13]"
172,hsa-mir-3145-5p,0.8156795071680735,"Liver [0.19], Heart [0.18], Lung [0.08]"
173,hsa-mir-3942-5p,0.8153994554052278,"Spleen [0.18], Mucosa [0.16], Stomach [0.07]"
174,hsa-mir-129-1-3p,0.8150661323373863,"Brain [0.66], Testis [0.11], Kidney [0.04]"
175,hsa-mir-766-5p,0.8139470284038337,"Testis [0.24], Adrenal Gland [0.18], Spleen [0.08]"
176,hsa-mir-34a-3p,0.8135385789735886,"Testis [0.41], Fallopian Tube [0.32], Lung [0.17]"
177,hsa-mir-5579-3p,0.8134777500058625,"Mucosa [0.20], Ovary [0.13], Omentum [0.10]"
178,hsa-mir-4662a-3p,0.8123941632844628,"Spleen [0.21], Testis [0.10], Skin [0.08]"
179,hsa-mir-1294,0.8103276304522702,"Whole Blood [0.65], Ovary [0.06], Spleen [0.04]"
180,hsa-mir-506-3p,0.8102607342850199,"Testis [0.94], Adrenal Gland [0.02], Kidney [0.02]"
181,hsa-mir-4424,0.80943307128352,"Spleen [0.35], Colon–Intestine [0.07], Testis [0.04]"
182,hsa-mir-3173-5p,0.8070433680264977,"Whole Blood [0.73], Spleen [0.02], Heart [0.02]"
183,hsa-mir-7854-3p,0.8036134290629616,"Whole Blood [0.23], Lung [0.08], Spleen [0.07]"
184,hsa-mir-421,0.8015606089354924,"Brain [0.18], Bladder [0.10], Heart [0.10]"
185,hsa-mir-3187-3p,0.8012431971935545,"Whole Blood [0.39], Spleen [0.10], Testis [0.07]"
186,hsa-mir-495-5p,0.8004525327380995,"Adrenal Gland [0.25], Brain [0.16], Testis [0.07]"
187,hsa-mir-551a,0.7988214168284383,"Whole Blood [0.27], Lung [0.20], Spleen [0.11]"
188,hsa-mir-561-3p,0.7975188747177888,"Testis [0.17], Mucosa [0.11], Vagina [0.08]"
189,hsa-mir-605-3p,0.7964116174539652,"Heart [0.17], Soft Tissues [0.14], Adrenal Gland [0.09]"
190,hsa-mir-150-3p,0.7949109588468352,"Spleen [0.36], Whole Blood [0.14], Lung [0.07]"
191,hsa-mir-580-3p,0.7936776317170832,"Spleen [0.20], Heart [0.11], Liver [0.10]"
192,hsa-mir-15a-3p,0.7913823112370342,"Spleen [0.20], Adrenal Gland [0.09], Lung [0.09]"
193,hsa-mir-589-3p,0.7910511717569431,"Whole Blood [0.36], Spleen [0.10], Omentum [0.05]"
194,hsa-mir-370-5p,0.7908325353237943,"Adrenal Gland [0.36], Brain [0.23], Spleen [0.06]"
195,hsa-mir-219b-5p,0.7906696989632199,"Whole Blood [0.28], Spleen [0.06], Heart [0.05]"
196,hsa-mir-346,0.7906394855524185,"Brain [0.69], Thyroid [0.11], Adrenal Gland [0.05]"
197,hsa-mir-885-5p,0.7902196180387958,"Liver [0.55], Brain [0.24], Whole Blood [0.12]"
198,hsa-mir-488-3p,0.7897385793016987,"Brain [0.59], Adrenal Gland [0.20], Spleen [0.05]"
199,hsa-mir-503-3p,0.7889640168068861,"Testis [0.24], Fallopian Tube [0.10], Spleen [0.10]"
200,hsa-mir-182-3p,0.7860643480018029,"Brain [0.21], Whole Blood [0.18], Salivary Gland [0.12]"
201,hsa-mir-5683,0.7815285301123817,"Omentum [0.41], Breast [0.25], Soft Tissues [0.12]"
202,hsa-mir-197-5p,0.7807472721900035,"Whole Blood [0.27], Spleen [0.09], Lung [0.06]"
203,hsa-mir-31-3p,0.7799002388057058,"Mucosa [0.26], Bladder [0.19], Vagina [0.10]"
204,hsa-mir-192-5p,0.7790522808151696,"Colon–Intestine [0.94], Omentum [0.02], Liver [0.01]"
205,hsa-mir-542-5p,0.7783614055237186,"Testis [0.25], Spleen [0.12], Fallopian Tube [0.11]"
206,hsa-mir-3690,0.7766227507139581,"Whole Blood [0.27], Lung [0.15], Spleen [0.13]"
207,hsa-mir-3136-5p,0.7763138764131502,"Spleen [0.19], Whole Blood [0.09], Lung [0.07]"
208,hsa-mir-491-3p,0.7755521955932403,"Brain [0.38], Heart [0.09], Adrenal Gland [0.06]"
209,hsa-mir-944,0.7752653941705296,"Skin [0.36], Mucosa [0.31], Vagina [0.11]"
210,hsa-mir-1185-2-3p,0.7750428533527747,"Adrenal Gland [0.57], Spleen [0.10], Brain [0.05]"
211,hsa-mir-934,0.774768320334022,"Bladder [0.35], Salivary Gland [0.19], Kidney [0.13]"
212,hsa-mir-17-5p,0.7741062461685505,"Spleen [0.17], Prostate [0.15], Kidney [0.15]"
213,hsa-mir-490-3p,0.7737584743368927,"Heart [0.44], Bladder [0.16], Colon–Intestine [0.16]"
214,hsa-mir-744-3p,0.7724505595984494,"Brain [0.32], Mucosa [0.06], Kidney [0.05]"
215,hsa-mir-219a-2-3p,0.7714061745384178,"Brain [0.96], Whole Blood [0.00], Liver [0.00]"
216,hsa-mir-124-3p,0.7694939698847457,"Brain [0.92], Whole Blood [0.01], Liver [0.01]"
217,hsa-mir-194-3p,0.7652557684684416,"Liver [0.39], Colon–Intestine [0.33], Kidney [0.14]"
218,hsa-mir-599,0.7647797343067535,"Spleen [0.19], Kidney [0.14], Lung [0.11]"
219,hsa-mir-3174,0.7634303591294349,"Spleen [0.19], Lung [0.14], Mucosa [0.06]"
220,hsa-mir-3194-5p,0.7605783950533533,"Spleen [0.14], Kidney [0.10], Adrenal Gland [0.10]"
221,hsa-mir-135b-3p,0.7584419279828487,"Testis [0.24], Thyroid [0.19], Mucosa [0.11]"
222,hsa-mir-3144-3p,0.75790979965019,"Kidney [0.15], Pancreas [0.13], Adrenal Gland [0.08]"
223,hsa-mir-486-3p,0.7573656585263057,"Soft Tissues [0.40], Heart [0.21], Spleen [0.08]"
224,hsa-mir-3187-5p,0.7566339353135711,"Spleen [0.15], Whole Blood [0.15], Lung [0.10]"
225,hsa-mir-216b-5p,0.7540766070085063,"Pancreas [0.98], Liver [0.00], Kidney [0.00]"
226,hsa-mir-653-3p,0.7515881155905865,"Kidney [0.43], Brain [0.09], Lung [0.06]"
227,hsa-mir-3619-5p,0.7511635900010732,"Adrenal Gland [0.16], Testis [0.10], Mucosa [0.08]"
228,hsa-mir-1266-3p,0.7485688354982065,"Testis [0.14], Thyroid [0.12], Salivary Gland [0.11]"
229,hsa-mir-580-5p,0.7437763506054264,"Adrenal Gland [0.14], Spleen [0.12], Testis [0.10]"
230,hsa-mir-556-5p,0.7436662988247246,"Liver [0.29], Stomach [0.10], Colon–Intestine [0.08]"
231,hsa-mir-34c-3p,0.7429484962839171,"Testis [0.48], Fallopian Tube [0.25], Lung [0.18]"
232,hsa-mir-508-3p,0.7402308708852112,"Testis [0.92], Ovary [0.03], Adrenal Gland [0.02]"
233,hsa-mir-1298-5p,0.7394295576613866,"Vagina [0.50], Brain [0.39], Prostate [0.02]"
234,hsa-mir-2467-5p,0.7356596037214159,"Brain [0.13], Testis [0.10], Bladder [0.10]"
235,hsa-mir-654-5p,0.7342635040191032,"Adrenal Gland [0.68], Brain [0.08], Spleen [0.04]"
236,hsa-mir-511-3p,0.7275550285033487,"Lung [0.22], Spleen [0.14], Adrenal Gland [0.10]"
237,hsa-mir-3617-3p,0.7203558099890017,"Bladder [0.13], Lung [0.13], Skin [0.11]"
238,hsa-mir-1276,0.7199440424030938,"Whole Blood [0.15], Testis [0.12], Liver [0.08]"
239,hsa-mir-629-3p,0.7174138990322393,"Whole Blood [0.36], Spleen [0.11], Mucosa [0.07]"
240,hsa-mir-345-3p,0.7172475946642791,"Thyroid [0.15], Fallopian Tube [0.07], Adrenal Gland [0.07]"
241,hsa-mir-122-5p,0.7139352126616683,"Liver [0.98], Whole Blood [0.01], Omentum [0.00]"
242,hsa-mir-653-5p,0.7135487162590362,"Kidney [0.39], Brain [0.10], Lung [0.06]"
243,hsa-mir-758-3p,0.7086950957525443,"Adrenal Gland [0.45], Brain [0.30], Testis [0.07]"
244,hsa-mir-2276-3p,0.70864575381323,"Whole Blood [0.27], Spleen [0.16], Brain [0.07]"
245,hsa-mir-3611,0.7084289344046553,"Spleen [0.13], Fallopian Tube [0.11], Kidney [0.08]"
246,hsa-mir-873-5p,0.7060344899011011,"Brain [0.17], Stomach [0.17], Uterus–Cervix [0.17]"
247,hsa-mir-490-5p,0.7051375502132199,"Heart [0.31], Colon–Intestine [0.23], Bladder [0.14]"
248,hsa-mir-4731-3p,0.7047012481438785,"Soft Tissues [0.12], Omentum [0.10], Fallopian Tube [0.10]"
249,hsa-mir-4664-3p,0.7037890929547512,"Whole Blood [0.25], Mucosa [0.15], Liver [0.06]"
250,hsa-mir-181b-3p,0.7026407475020187,"Brain [0.17], Spleen [0.16], Lung [0.10]"
251,hsa-mir-550a-5p,0.7019090423761161,"Whole Blood [0.70], Heart [0.03], Spleen [0.02]"
252,hsa-mir-383-5p,0.699447549303157,"Brain [0.43], Ovary [0.23], Skin [0.07]"
253,hsa-mir-342-3p,0.6986212186317511,"Spleen [0.16], Lung [0.10], Whole Blood [0.09]"
254,hsa-mir-412-5p,0.6976057519501881,"Adrenal Gland [0.39], Brain [0.21], Spleen [0.07]"
255,hsa-mir-3934-5p,0.6962709128511197,"Spleen [0.22], Lung [0.11], Thyroid [0.08]"
256,hsa-mir-624-3p,0.6945652149142131,"Testis [0.12], Spleen [0.10], Kidney [0.06]"
257,hsa-mir-652-5p,0.6939302818237669,"Heart [0.13], Spleen [0.12], Brain [0.09]"
258,hsa-mir-676-5p,0.6899921442502617,"Heart [0.13], Adrenal Gland [0.13], Omentum [0.06]"
259,hsa-mir-3127-5p,0.6856695596255349,"Whole Blood [0.19], Heart [0.08], Spleen [0.07]"
260,hsa-mir-186-3p,0.6821176761190197,"Spleen [0.15], Kidney [0.08], Testis [0.08]"
261,hsa-mir-3173-3p,0.6802201792819677,"Whole Blood [0.12], Spleen [0.09], Omentum [0.06]"
262,hsa-mir-450a-1-3p,0.678538566815879,"Testis [0.18], Spleen [0.12], Fallopian Tube [0.10]"
263,hsa-mir-210-5p,0.6757582952913801,"Whole Blood [0.20], Heart [0.14], Skin [0.13]"
264,hsa-mir-431-5p,0.675081513955856,"Adrenal Gland [0.48], Spleen [0.19], Brain [0.08]"
265,hsa-mir-509-3-5p,0.6738856858587678,"Testis [0.94], Ovary [0.02], Adrenal Gland [0.02]"
266,hsa-mir-128-1-5p,0.6721696726926725,"Brain [0.26], Spleen [0.07], Testis [0.06]"
267,hsa-mir-153-3p,0.6720322491054367,"Brain [0.63], Testis [0.10], Stomach [0.04]"
268,hsa-mir-671-3p,0.6708878781991748,"Whole Blood [0.43], Heart [0.11], Adrenal Gland [0.07]"
269,hsa-mir-299-5p,0.6693157516955534,"Adrenal Gland [0.31], Brain [0.17], Testis [0.08]"
270,hsa-mir-551b-3p,0.6687622689670821,"Omentum [0.25], Brain [0.18], Breast [0.09]"
271,hsa-mir-206,0.667981212529146,"Soft Tissues [0.83], Salivary Gland [0.11], Prostate [0.03]"
272,hsa-mir-18a-3p,0.662277233400834,"Whole Blood [0.88], Spleen [0.01], Testis [0.01]"
273,hsa-mir-487a-3p,0.6620474468052029,"Brain [0.49], Adrenal Gland [0.28], Spleen [0.04]"
274,hsa-mir-642a-3p,0.6617375154861067,"Heart [0.17], Omentum [0.12], Breast [0.08]"
275,hsa-mir-592,0.6608799599710258,"Brain [0.37], Liver [0.13], Adrenal Gland [0.10]"
276,hsa-mir-1180-5p,0.659163894974564,"Brain [0.11], Kidney [0.11], Testis [0.09]"
277,hsa-mir-1270,0.6575806609457812,"Whole Blood [0.26], Kidney [0.12], Thyroid [0.09]"
278,hsa-mir-5687,0.6574803773679609,"Heart [0.13], Omentum [0.08], Prostate [0.07]"
279,hsa-mir-2355-5p,0.6565289080081611,"Spleen [0.11], Brain [0.11], Lung [0.07]"
280,hsa-mir-133b,0.651997305950096,"Heart [0.41], Soft Tissues [0.37], Salivary Gland [0.04]"
281,hsa-mir-4664-5p,0.6514238843567309,"Whole Blood [0.11], Kidney [0.10], Mucosa [0.10]"
282,hsa-mir-1908-5p,0.6513221107775438,"Whole Blood [0.32], Adrenal Gland [0.19], Testis [0.07]"
283,hsa-mir-1343-5p,0.6508110165884265,"Whole Blood [0.11], Brain [0.08], Adrenal Gland [0.08]"
284,hsa-mir-642a-5p,0.6459209093608826,"Heart [0.22], Omentum [0.14], Breast [0.07]"
285,hsa-mir-185-3p,0.6458373466248313,"Whole Blood [0.65], Spleen [0.05], Heart [0.04]"
286,hsa-mir-514a-3p,0.6449087431133642,"Testis [0.94], Kidney [0.03], Adrenal Gland [0.02]"
287,hsa-mir-196a-5p,0.6448334558922915,"Skin [0.34], Kidney [0.27], Soft Tissues [0.14]"
288,hsa-mir-4731-5p,0.6431277771957107,"Whole Blood [0.15], Soft Tissues [0.12], Omentum [0.08]"
289,hsa-mir-1185-1-3p,0.6413211516976481,"Adrenal Gland [0.47], Brain [0.09], Spleen [0.07]"
290,hsa-mir-3126-5p,0.63969197492302,"Skin [0.11], Soft Tissues [0.07], Mucosa [0.07]"
291,hsa-mir-1247-3p,0.6390963868201834,"Skin [0.18], Omentum [0.11], Vagina [0.08]"
292,hsa-mir-615-3p,0.635139856546174,"Kidney [0.32], Soft Tissues [0.16], Skin [0.13]"
293,hsa-mir-1343-3p,0.6338689781130765,"Whole Blood [0.37], Brain [0.09], Testis [0.05]"
294,hsa-mir-4661-5p,0.6316831621163778,"Whole Blood [0.30], Testis [0.08], Spleen [0.06]"
295,hsa-mir-561-5p,0.6306214070895396,"Stomach [0.21], Pancreas [0.08], Ovary [0.07]"
296,hsa-mir-485-3p,0.629266445695582,"Brain [0.39], Adrenal Gland [0.38], Whole Blood [0.05]"
297,hsa-mir-584-5p,0.6283915577448113,"Whole Blood [0.28], Brain [0.23], Heart [0.12]"
298,hsa-mir-33a-5p,0.6277054439134657,"Adrenal Gland [0.16], Skin [0.08], Mucosa [0.07]"
299,hsa-mir-129-5p,0.6268986138307868,"Brain [0.66], Testis [0.17], Adrenal Gland [0.08]"
300,hsa-mir-483-3p,0.6262699632483578,"Liver [0.41], Adrenal Gland [0.10], Omentum [0.08]"
301,hsa-mir-4766-3p,0.6230850167844078,"Ovary [0.10], Mucosa [0.10], Lung [0.08]"
302,hsa-mir-138-5p,0.6210829388724619,"Brain [0.49], Thyroid [0.32], Kidney [0.07]"
303,hsa-mir-676-3p,0.6197614471025968,"Heart [0.24], Adrenal Gland [0.12], Esophagus [0.05]"
304,hsa-mir-497-3p,0.6196729476904057,"Fallopian Tube [0.10], Adrenal Gland [0.07], Testis [0.07]"
305,hsa-mir-590-5p,0.618365964819774,"Spleen [0.11], Kidney [0.08], Lung [0.05]"
306,hsa-mir-31-5p,0.6176153232736072,"Mucosa [0.25], Bladder [0.15], Testis [0.09]"
307,hsa-mir-656-3p,0.6150023671309818,"Brain [0.39], Adrenal Gland [0.20], Testis [0.06]"
308,hsa-mir-1913,0.6146561201482212,"Lung [0.10], Spleen [0.09], Heart [0.07]"
309,hsa-mir-2116-3p,0.6143354443712503,"Soft Tissues [0.11], Skin [0.06], Liver [0.06]"
310,hsa-mir-200c-5p,0.608846423295757,"Thyroid [0.13], Salivary Gland [0.12], Stomach [0.10]"
311,hsa-mir-410-3p,0.6073703755484497,"Brain [0.49], Adrenal Gland [0.25], Spleen [0.04]"
312,hsa-mir-889-3p,0.6072184497973356,"Adrenal Gland [0.41], Brain [0.30], Spleen [0.05]"
313,hsa-mir-299-3p,0.6031383403708123,"Adrenal Gland [0.24], Brain [0.11], Ovary [0.10]"
314,hsa-mir-616-5p,0.6019256501634715,"Whole Blood [0.15], Liver [0.08], Heart [0.08]"
315,hsa-mir-769-3p,0.5999570082190704,"Brain [0.35], Adrenal Gland [0.06], Thyroid [0.04]"
316,hsa-mir-487a-5p,0.5958308667026835,"Brain [0.26], Adrenal Gland [0.26], Testis [0.05]"
317,hsa-mir-616-3p,0.5937586574622844,"Liver [0.10], Heart [0.08], Soft Tissues [0.08]"
318,hsa-mir-188-3p,0.593322028915749,"Kidney [0.24], Spleen [0.07], Whole Blood [0.06]"
319,hsa-mir-301b-5p,0.5922081435735678,"Spleen [0.10], Brain [0.09], Thyroid [0.08]"
320,hsa-mir-760,0.5883583686075545,"Testis [0.35], Brain [0.22], Omentum [0.05]"
321,hsa-mir-34c-5p,0.5880424217795873,"Fallopian Tube [0.40], Testis [0.36], Lung [0.17]"
322,hsa-mir-505-5p,0.5860463184088429,"Whole Blood [0.25], Spleen [0.08], Kidney [0.07]"
323,hsa-mir-3065-3p,0.5823525819643289,"Lung [0.22], Brain [0.17], Kidney [0.14]"
324,hsa-mir-377-5p,0.5809064494260647,"Adrenal Gland [0.37], Brain [0.13], Testis [0.09]"
325,hsa-mir-409-5p,0.5798635884181945,"Adrenal Gland [0.41], Brain [0.17], Spleen [0.07]"
326,hsa-mir-3194-3p,0.5798245333241667,"Spleen [0.22], Whole Blood [0.07], Testis [0.06]"
327,hsa-mir-337-5p,0.5796039528724104,"Adrenal Gland [0.24], Spleen [0.11], Testis [0.07]"
328,hsa-mir-376a-3p,0.5777088044993648,"Adrenal Gland [0.34], Brain [0.23], Spleen [0.05]"
329,hsa-mir-605-5p,0.577437787037874,"Soft Tissues [0.10], Colon–Intestine [0.09], Omentum [0.07]"
330,hsa-mir-576-5p,0.5764995603047897,"Whole Blood [0.50], Spleen [0.06], Liver [0.05]"
331,hsa-mir-296-3p,0.5709120350052627,"Testis [0.20], Heart [0.08], Thyroid [0.07]"
332,hsa-mir-483-5p,0.570760863719396,"Liver [0.32], Omentum [0.14], Heart [0.10]"
333,hsa-mir-450a-2-3p,0.5704634672832949,"Testis [0.18], Fallopian Tube [0.10], Ovary [0.09]"
334,hsa-mir-874-5p,0.5651455135062311,"Brain [0.19], Heart [0.11], Kidney [0.10]"
335,hsa-mir-15b-3p,0.5647163210457699,"Whole Blood [0.44], Spleen [0.08], Lung [0.05]"
336,hsa-mir-3617-5p,0.5635170682904362,"Bladder [0.16], Skin [0.12], Prostate [0.11]"
337,hsa-mir-887-5p,0.5585167659854369,"Adrenal Gland [0.15], Heart [0.12], Omentum [0.07]"
338,hsa-mir-223-5p,0.5583604035626843,"Spleen [0.41], Lung [0.21], Omentum [0.07]"
339,hsa-mir-127-5p,0.5572281860091187,"Adrenal Gland [0.28], Brain [0.24], Testis [0.07]"
340,hsa-mir-579-3p,0.5522780003174929,"Spleen [0.10], Omentum [0.06], Mucosa [0.06]"
341,hsa-mir-452-3p,0.5506451346793204,"Omentum [0.24], Breast [0.14], Mucosa [0.08]"
342,hsa-mir-766-3p,0.5502867397804989,"Whole Blood [0.28], Testis [0.15], Adrenal Gland [0.08]"
343,hsa-mir-4662a-5p,0.5494545422733949,"Spleen [0.21], Skin [0.10], Kidney [0.09]"
344,hsa-mir-4524a-3p,0.5467838854580996,"Omentum [0.11], Breast [0.10], Liver [0.10]"
345,hsa-mir-181c-3p,0.545435633408251,"Brain [0.22], Thyroid [0.07], Heart [0.06]"
346,hsa-mir-7-5p,0.544749152414183,"Brain [0.39], Adrenal Gland [0.24], Thyroid [0.15]"
347,hsa-mir-9-3p,0.5426424114471908,"Brain [0.92], Adrenal Gland [0.01], Kidney [0.01]"
348,hsa-mir-204-3p,0.5422752024325562,"Kidney [0.35], Testis [0.24], Brain [0.07]"
349,hsa-mir-493-3p,0.5406629428001506,"Adrenal Gland [0.52], Spleen [0.12], Ovary [0.07]"
350,hsa-mir-3622a-5p,0.5401533578168793,"Fallopian Tube [0.15], Uterus–Cervix [0.09], Omentum [0.08]"
351,hsa-mir-136-5p,0.5386575668070165,"Adrenal Gland [0.31], Brain [0.12], Spleen [0.07]"
352,hsa-mir-585-5p,0.5353176994043769,"Omentum [0.11], Breast [0.07], Skin [0.07]"
353,hsa-mir-377-3p,0.5327589407044429,"Adrenal Gland [0.26], Spleen [0.13], Brain [0.10]"
354,hsa-mir-3126-3p,0.5310796569030004,"Fallopian Tube [0.09], Skin [0.08], Ovary [0.08]"
355,hsa-mir-203a-3p,0.5301740415985828,"Skin [0.50], Mucosa [0.31], Vagina [0.09]"
356,hsa-mir-135a-5p,0.5299911729862801,"Thyroid [0.62], Fallopian Tube [0.10], Brain [0.07]"
357,hsa-mir-433-3p,0.5293515359033549,"Brain [0.46], Adrenal Gland [0.25], Testis [0.03]"
358,hsa-mir-193a-3p,0.5285370044378888,"Omentum [0.15], Kidney [0.12], Breast [0.07]"
359,hsa-mir-330-5p,0.5236236056249685,"Brain [0.36], Whole Blood [0.22], Adrenal Gland [0.07]"
360,hsa-let-7g-3p,0.5217560540940546,"Brain [0.12], Kidney [0.09], Spleen [0.08]"
361,hsa-mir-21-5p,0.5214751092668232,"Kidney [0.12], Mucosa [0.12], Spleen [0.10]"
362,hsa-mir-141-5p,0.5187909326956706,"Salivary Gland [0.11], Stomach [0.11], Thyroid [0.10]"
363,hsa-mir-324-3p,0.5174264592783454,"Whole Blood [0.43], Kidney [0.05], Spleen [0.04]"
364,hsa-mir-1266-5p,0.5167842568710066,"Thyroid [0.10], Stomach [0.09], Lung [0.08]"
365,hsa-mir-187-3p,0.5143152270603204,"Testis [0.20], Esophagus [0.17], Kidney [0.15]"
366,hsa-mir-1249-3p,0.5089490899886003,"Brain [0.28], Whole Blood [0.19], Skin [0.06]"
367,hsa-mir-589-5p,0.5071580094303918,"Whole Blood [0.43], Spleen [0.05], Testis [0.05]"
368,hsa-mir-224-3p,0.5045349737146294,"Omentum [0.18], Breast [0.11], Skin [0.10]"
369,hsa-mir-181a-3p,0.500756717516384,"Spleen [0.19], Brain [0.17], Lung [0.13]"
370,hsa-mir-223-3p,0.49660975064928325,"Whole Blood [0.47], Spleen [0.22], Lung [0.11]"
371,hsa-mir-205-5p,0.49568133048118285,"Skin [0.32], Mucosa [0.30], Vagina [0.13]"
372,hsa-mir-708-3p,0.4955737711751048,"Ovary [0.30], Thyroid [0.10], Brain [0.09]"
373,hsa-mir-542-3p,0.4923260314277155,"Testis [0.21], Fallopian Tube [0.14], Spleen [0.11]"
374,hsa-mir-144-5p,0.4899765795091128,"Spleen [0.21], Lung [0.19], Kidney [0.11]"
375,hsa-mir-29b-3p,0.48736504309775486,"Heart [0.10], Testis [0.09], Brain [0.07]"
376,hsa-mir-154-5p,0.48541737259399553,"Adrenal Gland [0.38], Brain [0.22], Spleen [0.06]"
377,hsa-mir-144-3p,0.4846402905269246,"Lung [0.21], Spleen [0.19], Omentum [0.10]"
378,hsa-mir-582-3p,0.48428510027844496,"Bladder [0.17], Brain [0.13], Prostate [0.11]"
379,hsa-mir-296-5p,0.4817714708563025,"Whole Blood [0.24], Testis [0.09], Thyroid [0.06]"
380,hsa-mir-2355-3p,0.4800542392055294,"Spleen [0.14], Lung [0.09], Heart [0.07]"
381,hsa-mir-655-3p,0.4773513360483755,"Brain [0.24], Adrenal Gland [0.23], Spleen [0.06]"
382,hsa-mir-212-5p,0.47555752808388496,"Brain [0.31], Adrenal Gland [0.09], Omentum [0.07]"
383,hsa-mir-200a-5p,0.4748140985664889,"Stomach [0.20], Salivary Gland [0.14], Colon–Intestine [0.11]"
384,hsa-mir-511-5p,0.47187334868835484,"Lung [0.24], Spleen [0.14], Omentum [0.10]"
385,hsa-mir-329-3p,0.47166933453561205,"Brain [0.45], Adrenal Gland [0.21], Spleen [0.03]"
386,hsa-mir-185-5p,0.47087827297431667,"Whole Blood [0.59], Spleen [0.08], Lung [0.04]"
387,hsa-mir-23a-5p,0.4708603624319672,"Skin [0.18], Omentum [0.14], Lung [0.10]"
388,hsa-mir-200b-5p,0.46871796325834914,"Salivary Gland [0.17], Stomach [0.13], Mucosa [0.11]"
389,hsa-mir-301b-3p,0.46792834172418635,"Thyroid [0.08], Lung [0.07], Brain [0.07]"
390,hsa-mir-628-5p,0.4652887825478049,"Brain [0.30], Heart [0.07], Testis [0.05]"
391,hsa-mir-532-3p,0.46526170674223366,"Whole Blood [0.39], Kidney [0.12], Spleen [0.04]"
392,hsa-mir-624-5p,0.46393293048753514,"Spleen [0.10], Liver [0.09], Testis [0.08]"
393,hsa-mir-1287-3p,0.46300692067896776,"Heart [0.09], Testis [0.06], Brain [0.06]"
394,hsa-mir-598-3p,0.4623682419483746,"Brain [0.36], Spleen [0.10], Adrenal Gland [0.05]"
395,hsa-mir-107,0.4607741622563143,"Kidney [0.24], Liver [0.13], Brain [0.10]"
396,hsa-mir-10b-3p,0.46073293477864286,"Kidney [0.20], Adrenal Gland [0.09], Uterus–Cervix [0.09]"
397,hsa-mir-337-3p,0.46064468971582123,"Adrenal Gland [0.23], Testis [0.07], Vagina [0.06]"
398,hsa-mir-20b-5p,0.4597188073231828,"Prostate [0.23], Kidney [0.15], Spleen [0.11]"
399,hsa-mir-425-3p,0.4553941160667067,"Whole Blood [0.15], Brain [0.09], Spleen [0.08]"
400,hsa-mir-9-5p,0.45474201207926934,"Brain [0.88], Adrenal Gland [0.02], Kidney [0.01]"
401,hsa-mir-409-3p,0.45426286086891,"Adrenal Gland [0.47], Brain [0.12], Spleen [0.06]"
402,hsa-mir-139-3p,0.4504933867835156,"Spleen [0.29], Brain [0.11], Omentum [0.10]"
403,hsa-mir-2116-5p,0.44941608342299816,"Soft Tissues [0.07], Lung [0.07], Spleen [0.07]"
404,hsa-mir-134-5p,0.4490576419671298,"Adrenal Gland [0.41], Brain [0.11], Testis [0.09]"
405,hsa-mir-142-3p,0.4490088163277556,"Spleen [0.47], Lung [0.11], Colon–Intestine [0.06]"
406,hsa-mir-493-5p,0.446803461495296,"Adrenal Gland [0.44], Testis [0.09], Spleen [0.07]"
407,hsa-mir-7-1-3p,0.44489818686464444,"Brain [0.21], Spleen [0.07], Testis [0.07]"
408,hsa-mir-101-5p,0.44385551407204255,"Ovary [0.09], Fallopian Tube [0.08], Breast [0.07]"
409,hsa-mir-130a-5p,0.4411574684748076,"Whole Blood [0.31], Pancreas [0.16], Liver [0.07]"
410,hsa-mir-432-5p,0.4407311509694902,"Brain [0.28], Adrenal Gland [0.27], Spleen [0.06]"
411,hsa-mir-425-5p,0.4404857723786437,"Whole Blood [0.73], Spleen [0.04], Lung [0.02]"
412,hsa-mir-190b-5p,0.43979864710345173,"Fallopian Tube [0.14], Testis [0.14], Lung [0.11]"
413,hsa-mir-136-3p,0.4396886093192273,"Adrenal Gland [0.26], Brain [0.17], Spleen [0.07]"
414,hsa-mir-338-3p,0.4381886789200173,"Brain [0.39], Soft Tissues [0.20], Lung [0.07]"
415,hsa-mir-338-5p,0.4372067403655049,"Brain [0.34], Soft Tissues [0.23], Lung [0.06]"
416,hsa-mir-142-5p,0.43645634102059444,"Spleen [0.44], Lung [0.08], Whole Blood [0.08]"
417,hsa-mir-376c-3p,0.4349896221516584,"Adrenal Gland [0.30], Brain [0.09], Spleen [0.09]"
418,hsa-mir-324-5p,0.43378048860997476,"Whole Blood [0.25], Kidney [0.09], Brain [0.08]"
419,hsa-mir-193b-5p,0.4316329423015912,"Adrenal Gland [0.13], Omentum [0.11], Skin [0.10]"
420,hsa-mir-503-5p,0.42925989687843796,"Testis [0.28], Spleen [0.12], Kidney [0.09]"
421,hsa-mir-424-5p,0.4205302022181904,"Fallopian Tube [0.22], Testis [0.19], Ovary [0.10]"
422,hsa-mir-301a-3p,0.42050456403674086,"Brain [0.08], Lung [0.08], Kidney [0.08]"
423,hsa-mir-455-3p,0.41716043536825814,"Liver [0.19], Kidney [0.13], Vagina [0.08]"
424,hsa-mir-4677-5p,0.41595618612473007,"Whole Blood [0.08], Spleen [0.08], Lung [0.07]"
425,hsa-mir-30c-2-3p,0.4153761284482087,"Kidney [0.35], Lung [0.07], Thyroid [0.06]"
426,hsa-mir-651-5p,0.41530624042506326,"Heart [0.13], Testis [0.12], Spleen [0.10]"
427,hsa-mir-629-5p,0.4124000783835552,"Whole Blood [0.19], Spleen [0.08], Mucosa [0.06]"
428,hsa-mir-154-3p,0.40932991899434285,"Adrenal Gland [0.39], Brain [0.21], Testis [0.06]"
429,hsa-mir-224-5p,0.4056665505410333,"Omentum [0.25], Mucosa [0.15], Breast [0.14]"
430,hsa-mir-1-3p,0.4046158537314558,"Heart [0.47], Soft Tissues [0.38], Salivary Gland [0.02]"
431,hsa-mir-382-5p,0.4043168249814392,"Adrenal Gland [0.32], Brain [0.15], Spleen [0.09]"
432,hsa-mir-362-3p,0.4026543710831008,"Whole Blood [0.24], Kidney [0.13], Spleen [0.08]"
433,hsa-mir-370-3p,0.3989366427108443,"Adrenal Gland [0.45], Brain [0.20], Spleen [0.07]"
434,hsa-mir-628-3p,0.39890438601217826,"Brain [0.17], Heart [0.10], Soft Tissues [0.09]"
435,hsa-mir-375-3p,0.3987569133222159,"Pancreas [0.37], Stomach [0.17], Salivary Gland [0.14]"
436,hsa-mir-1296-5p,0.3980791730591459,"Brain [0.21], Testis [0.07], Kidney [0.05]"
437,hsa-mir-204-5p,0.39788628624232947,"Kidney [0.46], Testis [0.11], Brain [0.10]"
438,hsa-mir-369-3p,0.396668573493382,"Adrenal Gland [0.34], Brain [0.23], Spleen [0.09]"
439,hsa-mir-194-5p,0.3943829814884188,"Liver [0.32], Colon–Intestine [0.26], Kidney [0.19]"
440,hsa-mir-21-3p,0.3903367077164329,"Kidney [0.12], Lung [0.11], Spleen [0.07]"
441,hsa-mir-1278,0.39010432144678103,"Testis [0.09], Spleen [0.08], Lung [0.05]"
442,hsa-mir-487b-3p,0.38926024156770467,"Brain [0.33], Adrenal Gland [0.32], Spleen [0.05]"
443,hsa-mir-335-3p,0.3888514684858695,"Omentum [0.34], Breast [0.18], Adrenal Gland [0.06]"
444,hsa-mir-543,0.3868076170392745,"Adrenal Gland [0.39], Brain [0.23], Ovary [0.05]"
445,hsa-mir-452-5p,0.3847159572977874,"Omentum [0.21], Breast [0.12], Mucosa [0.10]"
446,hsa-mir-135b-5p,0.3846693065648119,"Thyroid [0.30], Testis [0.17], Salivary Gland [0.11]"
447,hsa-mir-17-3p,0.38400485711815774,"Whole Blood [0.40], Spleen [0.06], Lung [0.04]"
448,hsa-mir-365a-5p,0.38281771550599253,"Omentum [0.14], Adrenal Gland [0.12], Breast [0.10]"
449,hsa-mir-1180-3p,0.3826087633644384,"Whole Blood [0.55], Brain [0.08], Thyroid [0.05]"
450,hsa-mir-26a-1-3p,0.3820325001960208,"Skin [0.09], Spleen [0.07], Kidney [0.06]"
451,hsa-mir-887-3p,0.38162849764244483,"Adrenal Gland [0.15], Heart [0.08], Brain [0.06]"
452,hsa-mir-301a-5p,0.3809224615891005,"Brain [0.12], Spleen [0.09], Heart [0.07]"
453,hsa-mir-4677-3p,0.37772844021580754,"Spleen [0.09], Whole Blood [0.08], Lung [0.07]"
454,hsa-mir-429,0.370570946987339,"Kidney [0.15], Stomach [0.12], Salivary Gland [0.12]"
455,hsa-mir-495-3p,0.3704279366798639,"Brain [0.31], Adrenal Gland [0.27], Spleen [0.06]"
456,hsa-mir-32-3p,0.3691590552430605,"Adrenal Gland [0.14], Spleen [0.10], Lung [0.07]"
457,hsa-mir-335-5p,0.3676213098965027,"Omentum [0.21], Spleen [0.16], Breast [0.13]"
458,hsa-mir-146b-3p,0.36696516647196936,"Lung [0.21], Omentum [0.10], Spleen [0.07]"
459,hsa-mir-585-3p,0.36488667591474794,"Thyroid [0.11], Omentum [0.10], Salivary Gland [0.06]"
460,hsa-let-7a-2-3p,0.36441973688316515,"Heart [0.07], Omentum [0.07], Thyroid [0.06]"
461,hsa-mir-27a-5p,0.3617150025488815,"Skin [0.19], Lung [0.13], Omentum [0.12]"
462,hsa-mir-30c-1-3p,0.3612211725514359,"Heart [0.14], Kidney [0.07], Liver [0.05]"
463,hsa-mir-769-5p,0.35915742649880983,"Brain [0.32], Testis [0.09], Spleen [0.05]"
464,hsa-mir-100-3p,0.35567223179552593,"Fallopian Tube [0.08], Bladder [0.07], Thyroid [0.06]"
465,hsa-let-7c-3p,0.3555213247111307,"Breast [0.08], Adrenal Gland [0.08], Omentum [0.07]"
466,hsa-mir-188-5p,0.35253125699708737,"Kidney [0.22], Testis [0.07], Spleen [0.07]"
467,hsa-mir-708-5p,0.3521980452471961,"Brain [0.18], Ovary [0.16], Thyroid [0.08]"
468,hsa-mir-582-5p,0.3509159792453999,"Brain [0.09], Kidney [0.08], Bladder [0.08]"
469,hsa-mir-326,0.34883926903885454,"Whole Blood [0.16], Lung [0.13], Spleen [0.12]"
470,hsa-mir-423-5p,0.34859224552028395,"Whole Blood [0.65], Spleen [0.03], Omentum [0.02]"
471,hsa-mir-652-3p,0.346570317887917,"Whole Blood [0.46], Lung [0.06], Omentum [0.06]"
472,hsa-mir-152-5p,0.3441498154562521,"Adrenal Gland [0.09], Heart [0.08], Skin [0.06]"
473,hsa-mir-379-5p,0.3376899177095546,"Adrenal Gland [0.27], Brain [0.21], Testis [0.08]"
474,hsa-mir-411-5p,0.33592031184853716,"Adrenal Gland [0.26], Brain [0.17], Testis [0.07]"
475,hsa-mir-92a-3p,0.33414775719938916,"Whole Blood [0.74], Spleen [0.02], Liver [0.02]"
476,hsa-mir-19b-1-5p,0.3337854461611258,"Testis [0.07], Mucosa [0.07], Kidney [0.06]"
477,hsa-mir-450a-5p,0.33107566891875434,"Testis [0.18], Fallopian Tube [0.14], Spleen [0.13]"
478,hsa-mir-148a-5p,0.3307904370348539,"Pancreas [0.23], Stomach [0.11], Liver [0.10]"
479,hsa-mir-339-5p,0.32993367782861843,"Whole Blood [0.28], Testis [0.06], Spleen [0.06]"
480,hsa-mir-30b-3p,0.32771738395226846,"Heart [0.12], Lung [0.08], Kidney [0.07]"
481,hsa-mir-1287-5p,0.3268227581515668,"Heart [0.13], Testis [0.07], Adrenal Gland [0.06]"
482,hsa-mir-128-3p,0.32624374886796675,"Brain [0.59], Whole Blood [0.05], Soft Tissues [0.05]"
483,hsa-mir-95-3p,0.3255729275858957,"Spleen [0.33], Brain [0.11], Soft Tissues [0.09]"
484,hsa-mir-193a-5p,0.3225161635602772,"Omentum [0.22], Breast [0.14], Soft Tissues [0.07]"
485,hsa-mir-15a-5p,0.32156177924113377,"Spleen [0.16], Lung [0.09], Kidney [0.07]"
486,hsa-mir-25-3p,0.3210886072358424,"Whole Blood [0.59], Spleen [0.05], Lung [0.03]"
487,hsa-mir-378a-5p,0.31692529554218474,"Heart [0.14], Soft Tissues [0.13], Whole Blood [0.13]"
488,hsa-mir-342-5p,0.3151583487199936,"Spleen [0.16], Whole Blood [0.13], Lung [0.09]"
489,hsa-mir-197-3p,0.31322632217576035,"Whole Blood [0.33], Heart [0.08], Spleen [0.06]"
490,hsa-mir-181c-5p,0.3128813239794057,"Brain [0.19], Thyroid [0.09], Heart [0.07]"
491,hsa-mir-3909,0.31084676572053327,"Whole Blood [0.14], Adrenal Gland [0.07], Heart [0.07]"
492,hsa-mir-1307-5p,0.3096153716320631,"Kidney [0.14], Spleen [0.09], Brain [0.06]"
493,hsa-mir-504-5p,0.309603211150254,"Brain [0.15], Spleen [0.10], Soft Tissues [0.09]"
494,hsa-mir-15b-5p,0.30935802739569807,"Whole Blood [0.26], Spleen [0.12], Lung [0.08]"
495,hsa-mir-143-5p,0.30809105824598165,"Esophagus [0.17], Bladder [0.11], Colon–Intestine [0.11]"
496,hsa-mir-127-3p,0.306721309525181,"Adrenal Gland [0.37], Brain [0.15], Testis [0.06]"
497,hsa-mir-30a-5p,0.30606702281259407,"Heart [0.17], Liver [0.10], Kidney [0.07]"
498,hsa-mir-1247-5p,0.30591509858198224,"Vagina [0.19], Uterus–Cervix [0.08], Ovary [0.08]"
499,hsa-mir-149-5p,0.303014401796224,"Brain [0.22], Skin [0.17], Mucosa [0.08]"
500,hsa-mir-150-5p,0.30096032620432794,"Spleen [0.29], Whole Blood [0.15], Omentum [0.07]"
501,hsa-mir-132-5p,0.30041267564459395,"Brain [0.31], Testis [0.07], Adrenal Gland [0.07]"
502,hsa-mir-30d-3p,0.29792092273554505,"Lung [0.13], Kidney [0.09], Heart [0.07]"
503,hsa-mir-155-5p,0.2953985125546443,"Spleen [0.31], Lung [0.10], Colon–Intestine [0.08]"
504,hsa-mir-23b-5p,0.2950084181355875,"Skin [0.10], Heart [0.09], Mucosa [0.07]"
505,hsa-mir-1301-3p,0.2931847984626275,"Brain [0.15], Adrenal Gland [0.10], Spleen [0.09]"
506,hsa-mir-92a-1-5p,0.29278159233635376,"Skin [0.11], Omentum [0.09], Mucosa [0.08]"
507,hsa-mir-374b-3p,0.29202772265873106,"Brain [0.09], Bladder [0.06], Fallopian Tube [0.05]"
508,hsa-mir-200c-3p,0.2917296469441906,"Salivary Gland [0.14], Thyroid [0.12], Mucosa [0.10]"
509,hsa-mir-29b-1-5p,0.2888667732678678,"Soft Tissues [0.09], Omentum [0.07], Lung [0.07]"
510,hsa-mir-671-5p,0.28294653420452937,"Adrenal Gland [0.14], Spleen [0.07], Thyroid [0.05]"
511,hsa-mir-363-3p,0.2800852728512558,"Whole Blood [0.23], Prostate [0.15], Kidney [0.12]"
512,hsa-mir-345-5p,0.2783016787214838,"Thyroid [0.20], Whole Blood [0.11], Kidney [0.06]"
513,hsa-mir-590-3p,0.2682650787289073,"Spleen [0.10], Heart [0.06], Kidney [0.06]"
514,hsa-mir-199b-5p,0.2648357047508882,"Skin [0.13], Breast [0.12], Vagina [0.10]"
515,hsa-mir-381-3p,0.2640173620654678,"Adrenal Gland [0.23], Brain [0.17], Ovary [0.08]"
516,hsa-mir-96-5p,0.26326333658031426,"Salivary Gland [0.10], Whole Blood [0.10], Mucosa [0.09]"
517,hsa-mir-181a-2-3p,0.26038276143756894,"Whole Blood [0.12], Skin [0.09], Heart [0.09]"
518,hsa-mir-340-3p,0.2589051244772938,"Brain [0.16], Whole Blood [0.14], Liver [0.06]"
519,hsa-mir-191-5p,0.25751779044489814,"Whole Blood [0.39], Spleen [0.06], Lung [0.04]"
520,hsa-mir-365a-3p,0.25741590964261735,"Omentum [0.14], Adrenal Gland [0.09], Breast [0.09]"
521,hsa-mir-214-5p,0.2555678234848339,"Ovary [0.14], Spleen [0.08], Uterus–Cervix [0.06]"
522,hsa-mir-874-3p,0.2512433954824662,"Heart [0.14], Brain [0.13], Thyroid [0.09]"
523,hsa-mir-30a-3p,0.25119167667224185,"Kidney [0.21], Lung [0.09], Thyroid [0.08]"
524,hsa-mir-221-5p,0.2477528840101082,"Spleen [0.09], Mucosa [0.09], Lung [0.08]"
525,hsa-mir-132-3p,0.24624495510121786,"Brain [0.23], Adrenal Gland [0.10], Testis [0.06]"
526,hsa-mir-10b-5p,0.24589300239878434,"Kidney [0.20], Uterus–Cervix [0.10], Spleen [0.08]"
527,hsa-mir-339-3p,0.24300830689770872,"Whole Blood [0.18], Spleen [0.06], Thyroid [0.06]"
528,hsa-mir-181b-5p,0.2427075428616613,"Brain [0.17], Spleen [0.13], Lung [0.12]"
529,hsa-mir-125a-3p,0.23851566954316983,"Adrenal Gland [0.09], Lung [0.07], Spleen [0.07]"
530,hsa-mir-362-5p,0.23769899025464192,"Kidney [0.16], Whole Blood [0.08], Spleen [0.07]"
531,hsa-let-7e-3p,0.2337677955743505,"Adrenal Gland [0.08], Kidney [0.07], Brain [0.07]"
532,hsa-mir-186-5p,0.23352846275647907,"Whole Blood [0.23], Spleen [0.09], Lung [0.05]"
533,hsa-mir-92b-3p,0.23313010514632282,"Brain [0.16], Whole Blood [0.16], Fallopian Tube [0.06]"
534,hsa-mir-193b-3p,0.2327748160434339,"Adrenal Gland [0.13], Omentum [0.12], Skin [0.09]"
535,hsa-mir-126-5p,0.2313004185211898,"Lung [0.13], Spleen [0.10], Omentum [0.09]"
536,hsa-mir-210-3p,0.23100294973619256,"Skin [0.12], Mucosa [0.11], Whole Blood [0.07]"
537,hsa-mir-140-3p,0.22791842673098148,"Whole Blood [0.19], Spleen [0.10], Soft Tissues [0.10]"
538,hsa-mir-140-5p,0.22775861902199102,"Soft Tissues [0.13], Kidney [0.07], Spleen [0.07]"
539,hsa-mir-1271-5p,0.22317002979393352,"Ovary [0.09], Heart [0.08], Soft Tissues [0.07]"
540,hsa-let-7e-5p,0.22218543331096544,"Heart [0.12], Adrenal Gland [0.07], Kidney [0.07]"
541,hsa-mir-328-3p,0.21895794117068892,"Whole Blood [0.17], Brain [0.09], Adrenal Gland [0.08]"
542,hsa-mir-378a-3p,0.2147382326568005,"Heart [0.20], Soft Tissues [0.13], Omentum [0.09]"
543,hsa-mir-93-5p,0.21320785512575788,"Whole Blood [0.16], Spleen [0.09], Lung [0.07]"
544,hsa-mir-331-3p,0.21182672133451022,"Whole Blood [0.13], Adrenal Gland [0.07], Heart [0.07]"
545,hsa-mir-361-3p,0.2084079842079059,"Spleen [0.13], Whole Blood [0.12], Adrenal Gland [0.06]"
546,hsa-mir-145-3p,0.20553348475371794,"Esophagus [0.13], Colon–Intestine [0.09], Bladder [0.08]"
547,hsa-mir-340-5p,0.20366753790046097,"Brain [0.14], Liver [0.08], Spleen [0.07]"
548,hsa-mir-22-5p,0.20355067877488928,"Adrenal Gland [0.14], Heart [0.09], Omentum [0.07]"
549,hsa-mir-744-5p,0.20242723346276098,"Brain [0.13], Whole Blood [0.09], Skin [0.06]"
550,hsa-mir-99b-3p,0.20187517039710554,"Adrenal Gland [0.11], Brain [0.06], Spleen [0.06]"
551,hsa-mir-574-5p,0.19682918146902842,"Adrenal Gland [0.10], Salivary Gland [0.07], Omentum [0.06]"
552,hsa-mir-145-5p,0.1961646946918056,"Esophagus [0.17], Colon–Intestine [0.13], Bladder [0.09]"
553,hsa-mir-505-3p,0.19546719510475669,"Liver [0.11], Whole Blood [0.10], Spleen [0.08]"
554,hsa-mir-455-5p,0.19158988444643782,"Kidney [0.12], Vagina [0.08], Liver [0.08]"
555,hsa-mir-374a-3p,0.1886426094306327,"Spleen [0.08], Omentum [0.06], Breast [0.05]"
556,hsa-mir-125b-1-3p,0.1872667094557714,"Thyroid [0.08], Testis [0.07], Brain [0.07]"
557,hsa-mir-19a-3p,0.1867870351954617,"Spleen [0.08], Testis [0.08], Liver [0.07]"
558,hsa-mir-331-5p,0.1854696755483876,"Brain [0.07], Adrenal Gland [0.07], Thyroid [0.06]"
559,hsa-mir-532-5p,0.18105252259291332,"Kidney [0.14], Ovary [0.08], Spleen [0.06]"
560,hsa-mir-126-3p,0.1785712799669901,"Lung [0.16], Spleen [0.15], Omentum [0.08]"
561,hsa-mir-218-5p,0.1760629492199864,"Brain [0.15], Spleen [0.10], Lung [0.09]"
562,hsa-mir-130b-3p,0.1737674336748023,"Spleen [0.10], Heart [0.07], Lung [0.07]"
563,hsa-mir-30e-3p,0.1734759964834933,"Heart [0.14], Spleen [0.07], Liver [0.05]"
564,hsa-mir-148a-3p,0.17041649289081584,"Pancreas [0.22], Stomach [0.11], Liver [0.11]"
565,hsa-mir-30b-5p,0.16956461411899348,"Kidney [0.14], Whole Blood [0.08], Lung [0.08]"
566,hsa-mir-1307-3p,0.16815937441621226,"Whole Blood [0.11], Spleen [0.09], Heart [0.08]"
567,hsa-mir-20a-5p,0.16636049419677476,"Spleen [0.09], Testis [0.09], Mucosa [0.07]"
568,hsa-mir-130a-3p,0.16223217281047242,"Kidney [0.08], Lung [0.07], Thyroid [0.07]"
569,hsa-mir-26a-2-3p,0.16086384875294524,"Spleen [0.07], Breast [0.06], Lung [0.06]"
570,hsa-mir-29c-3p,0.15248859815889632,"Spleen [0.09], Brain [0.07], Kidney [0.07]"
571,hsa-mir-214-3p,0.15159175162717634,"Ovary [0.08], Spleen [0.07], Omentum [0.07]"
572,hsa-mir-143-3p,0.15075638130615585,"Esophagus [0.15], Bladder [0.12], Colon–Intestine [0.11]"
573,hsa-mir-28-5p,0.1385176728463787,"Esophagus [0.08], Colon–Intestine [0.08], Bladder [0.07]"
574,hsa-mir-221-3p,0.13372816111586974,"Heart [0.09], Mucosa [0.08], Prostate [0.08]"
575,hsa-mir-30d-5p,0.1332503011673309,"Heart [0.10], Spleen [0.09], Kidney [0.08]"
576,hsa-mir-98-5p,0.12890795472069275,"Kidney [0.09], Brain [0.09], Omentum [0.06]"
577,hsa-mir-199a-5p,0.12700586873440078,"Ovary [0.08], Spleen [0.07], Skin [0.06]"
578,hsa-mir-23b-3p,0.12239576707756533,"Heart [0.10], Mucosa [0.08], Esophagus [0.07]"
579,hsa-mir-22-3p,0.12095168069301573,"Adrenal Gland [0.10], Heart [0.09], Spleen [0.07]"
580,hsa-mir-148b-3p,0.11840724318349348,"Kidney [0.09], Thyroid [0.08], Lung [0.07]"
581,hsa-mir-27a-3p,0.11495444758404033,"Skin [0.09], Spleen [0.09], Lung [0.09]"
582,hsa-mir-19b-3p,0.11445235962335082,"Fallopian Tube [0.07], Kidney [0.07], Spleen [0.06]"
583,hsa-mir-574-3p,0.11295085299345996,"Adrenal Gland [0.08], Omentum [0.06], Vagina [0.05]"
584,hsa-mir-361-5p,0.10858630796737558,"Brain [0.07], Adrenal Gland [0.07], Kidney [0.06]"
585,hsa-mir-374a-5p,0.10728240982818708,"Spleen [0.08], Lung [0.06], Omentum [0.06]"
586,hsa-mir-125b-5p,0.10699458523088197,"Ovary [0.09], Thyroid [0.07], Fallopian Tube [0.07]"
587,hsa-mir-152-3p,0.10697558234151298,"Thyroid [0.07], Omentum [0.07], Skin [0.07]"
588,hsa-let-7i-5p,0.10584127804741157,"Thyroid [0.11], Spleen [0.10], Lung [0.06]"
589,hsa-mir-101-3p,0.10282239392717436,"Spleen [0.07], Ovary [0.07], Lung [0.06]"
590,hsa-mir-99a-5p,0.09841082425195609,"Ovary [0.09], Uterus–Cervix [0.08], Vagina [0.08]"
591,hsa-mir-29a-3p,0.09668219366672252,"Spleen [0.09], Kidney [0.06], Brain [0.06]"
592,hsa-let-7d-5p,0.09582254782012882,"Lung [0.07], Spleen [0.07], Heart [0.07]"
593,hsa-mir-99b-5p,0.09385101897370086,"Adrenal Gland [0.08], Heart [0.07], Kidney [0.07]"
594,hsa-let-7a-3p,0.09307225065016514,"Adrenal Gland [0.06], Omentum [0.06], Lung [0.06]"
595,hsa-let-7g-5p,0.09252996337664225,"Spleen [0.09], Heart [0.06], Thyroid [0.06]"
596,hsa-mir-374b-5p,0.09028463072278978,"Brain [0.06], Spleen [0.06], Kidney [0.06]"
597,hsa-let-7b-5p,0.08825369469368653,"Skin [0.09], Omentum [0.07], Breast [0.07]"
598,hsa-mir-125a-5p,0.08741885414189657,"Adrenal Gland [0.08], Heart [0.06], Thyroid [0.06]"
599,hsa-mir-27b-3p,0.08714174526135998,"Mucosa [0.08], Heart [0.07], Kidney [0.06]"
600,hsa-mir-24-3p,0.07997803545549,"Heart [0.07], Skin [0.07], Lung [0.07]"
601,hsa-mir-100-5p,0.07980241814495026,"Thyroid [0.07], Ovary [0.07], Fallopian Tube [0.06]"
602,hsa-mir-28-3p,0.07079845473879176,"Whole Blood [0.07], Spleen [0.06], Adrenal Gland [0.05]"
603,hsa-mir-26a-5p,0.048553141701468405,"Spleen [0.06], Lung [0.06], Ovary [0.05]"
